,data,location,Class,number,MCI,ThreeBand,Index1,Index2,InfraredPeak
0,0622,EC,0,1,0.17482208310458944,0.07348794922627476,0.3950697573907614,0.34798161800610544,0.4018028708327848
1,0622,EC,0,10,0.18386728371241803,0.07396104207537958,0.40288748144346204,0.34414848094072875,0.40000005302583685
2,0622,EC,0,11,0.09502536274713552,0.013546208349242004,0.21548607341796921,0.3591963655790315,0.40194312593322495
3,0622,EC,0,12,0.09034343583893181,0.015360172862872907,0.19877251072313804,0.35868736052922967,0.4023656229269937
4,0622,EC,0,13,0.09366613977136251,0.019527664040622564,0.20280624124271102,0.358869704489906,0.4018965851248958
5,0622,EC,0,14,0.0960992268237707,0.0176895571789641,0.20929737710772964,0.3593385418276095,0.40228417433131225
6,0622,EC,0,15,0.09900053031781719,0.021355469809249576,0.20329502359675355,0.3581722052663648,0.40191354090483383
7,0622,EC,0,16,0.09518380626721445,0.021828308480571698,0.20321326838719161,0.3595225802060499,0.4013860192376059
8,0622,EC,0,17,0.09297549133642781,0.020452394538428575,0.20123523666427498,0.3585753234218477,0.4014831826241741
9,0622,EC,0,18,0.09700627143964377,0.0214844853029761,0.2033048143946142,0.35927724453462495,0.4014632398395917
10,0622,EC,0,19,0.08794482328196268,0.019884359175969552,0.19227179840129846,0.35905821298823776,0.4014002270594817
11,0622,EC,0,2,0.2070699842440457,0.0968539288939,0.4040972672746055,0.35668595022087735,0.40527774890665286
12,0622,EC,0,20,0.10556704001243433,0.02703832941185247,0.20730147164894802,0.35907174716133766,0.40155758927177093
13,0622,EC,0,3,0.17919561098956635,0.07528252258457019,0.40513736607893325,0.3547327221164791,0.4028191445244461
14,0622,EC,0,4,0.17780089427220797,0.07384438587100417,0.4109149454372936,0.3518778259561315,0.4090404585470313
15,0622,EC,0,5,0.17285453604675732,0.07330683039941685,0.37909725555809193,0.3551209896969699,0.4007375496092266
16,0622,EC,0,6,0.17193575743162534,0.07392542751868826,0.3844410190508692,0.35116179303997225,0.39987299491653794
17,0622,EC,0,7,0.1775694059844525,0.07458991068647546,0.3917379048952974,0.3026522303086802,0.40526585314833946
18,0622,EC,0,8,0.18000950169116817,0.07283999115403236,0.3954301321829934,0.35630403514454106,0.40323418988377163
19,0622,EC,0,9,0.1847522917175722,0.07326278666927229,0.41463367706010823,0.3563650341938767,0.40277957937893366
20,0622,EF,0,1,0.11481561740869159,0.05828413116457984,0.2209324419847957,0.5340697832841861,0.4039307039904805
21,0622,EF,0,10,0.13258291495187277,0.05474545004996131,0.21950226071436185,0.3526503515381533,0.4015314320452375
22,0622,EF,0,11,0.31959644680256144,0.28837975763582724,0.7595979017273292,0.3543498298035752,0.40215592331746175
23,0622,EF,0,12,0.3455516452803706,0.36805265789038105,0.8188962783191674,0.35600592091455013,0.40324478428809674
24,0622,EF,0,13,0.34621070463777204,0.36370337696153215,0.8100405507265895,0.3556590191234421,0.4031439487464193
25,0622,EF,0,14,0.3306910675540831,0.33414424294986095,0.7858022155222635,0.35486745655502266,0.4026900142046367
26,0622,EF,0,15,0.3384019569080725,0.3734916692587919,0.8171270536291296,0.3549980838097118,0.40311432726317226
27,0622,EF,0,16,0.33359724109561173,0.37597672269092147,0.8179907951843974,0.35553720585431975,0.4034392486579554
28,0622,EF,0,17,0.34151316754340955,0.3712322337480542,0.8057754079047025,0.35582112227766627,0.4027333497457091
29,0622,EF,0,18,0.3462288488183912,0.39317775283681483,0.8281723194717381,0.35443565108056974,0.4028216856021991
30,0622,EF,0,19,0.3314519386607643,0.37862755152108263,0.8213292770816314,0.3546842898415262,0.40259618835547745
31,0622,EF,0,2,0.14405351556428875,0.0665393665525038,0.23616874625546494,0.34912970674778604,0.4019287376845357
32,0622,EF,0,20,0.3685441118389343,0.4088380778140196,0.8448613686501182,0.35529112531909507,0.40348353083952426
33,0622,EF,0,3,0.18689460942338215,0.09752532514328453,0.34785142897106486,0.3566206242518018,0.4022318116815007
34,0622,EF,0,4,0.15601930983743637,0.08163851363673141,0.34346072507505165,0.356704888126019,0.4028830699359916
35,0622,EF,0,5,0.14040800318617153,0.058700520632848495,0.2641767223888906,0.35733021486787087,0.40174773447674855
36,0622,EF,0,6,0.12803620470944344,0.055288507876582425,0.2302745006312578,0.3404312176760954,0.40278101072604194
37,0622,EF,0,7,0.15132660404251014,0.07194810893859158,0.2971322605355269,0.35469212591618726,0.4027248620360271
38,0622,EF,0,8,0.1334319617407841,0.05258774137391957,0.2332035225754047,0.3514291582958525,0.40122317428401105
39,0622,EF,0,9,0.13891660788310914,0.05976602379664399,0.23306092443298956,0.3499212048189262,0.40402571790732084
40,0622,EF,0,1,0.22636422476743998,0.11169800539584286,0.31988656597903364,0.3677668247156509,0.3936862113897624
41,0622,EF,0,10,0.22357480579585984,0.10730991977841225,0.33923902210831136,0.36733830706837467,0.3937463469383295
42,0622,EF,0,2,0.2178781093910189,0.1082153152577906,0.3245112305120593,0.36878486784238984,0.3928129984141956
43,0622,EF,0,3,0.22347851901398225,0.108815482251831,0.33552283909650205,0.3672716396168832,0.3938217498552235
44,0622,EF,0,4,0.21935109860342003,0.10747775413113957,0.3281334376422916,0.37117783337571486,0.39386068889997466
45,0622,EF,0,5,0.21832702412501515,0.10698516956205721,0.32615855729848475,0.3693452068860214,0.39331185952489767
46,0622,EF,0,6,0.2214545271277679,0.10723208732873456,0.33303962169092877,0.3677802697659197,0.39340992768807903
47,0622,EF,0,7,0.22661589985230568,0.10791773109522915,0.34373387305413067,0.369833818326304,0.3940642131427596
48,0622,EF,0,8,0.22332456930424446,0.10601805395482514,0.3312510997174794,0.3677260811968187,0.3941087567651531
49,0622,EF,0,9,0.21767395654337857,0.10635737719426425,0.33028479450653603,0.36797126373958844,0.3937977115812723
50,0624,EC,0,1,0.2411380051349099,0.12483803649521535,0.5501846757330738,0.3937288698485823,0.38700787306647194
51,0624,EC,0,10,0.2505559656152092,0.1306205247374192,0.5667219000293853,0.39820826243203467,0.39130473525276754
52,0624,EC,0,2,0.24897647628208022,0.12414651823658807,0.5420879723471359,0.4324326951386112,0.39229410366154255
53,0624,EC,0,3,0.2387349324401628,0.13058610396105194,0.58392259574367,0.397869870709088,0.39274150079598286
54,0624,EC,0,4,0.24591164987503453,0.13924531905402115,0.5791966623299086,0.4487610430864742,0.3924474700218807
55,0624,EC,0,5,0.2664516452344298,0.15104198366027394,0.5925514082605754,0.39429397585324405,0.39253733856658574
56,0624,EC,0,6,0.24715720421295362,0.1315044259373039,0.5749129593138655,0.40193867944781025,0.39336508549847754
57,0624,EC,0,7,0.25002171149560104,0.12671440584547577,0.5611916364127544,0.39892281720069334,0.3942423738561168
58,0624,EC,0,8,0.2543782579564722,0.13874145922251305,0.5726423826780308,0.42897214097893427,0.3896725240914508
59,0624,EC,0,9,0.258895788273964,0.14064282384640525,0.5755783163164259,0.3990763291885126,0.39395855636948596
60,0628,EF,0,1,0.24569982468321958,0.16672037934966435,0.6493915183859719,0.3517400216047468,0.4058719213596556
61,0628,EF,0,10,0.21701182297579452,0.10753343481184319,0.463829203803656,0.3509693671325008,0.40655250489330114
62,0628,EF,0,2,0.26338407878000575,0.16069929323812718,0.6341373160215158,0.3511200419512889,0.40796173699708527
63,0628,EF,0,3,0.2702780854015024,0.1609316552517431,0.6287549449363808,0.3520806656263788,0.4064425254608684
64,0628,EF,0,4,0.2705935755307858,0.13884159305021743,0.5748547835386635,0.350829285898412,0.40709449108225415
65,0628,EF,0,5,0.25432875162989704,0.12271858816392367,0.5122343821568124,0.3526267594354817,0.40454459854720004
66,0628,EF,0,6,0.23126950576572955,0.10371401939360322,0.45440223682965175,0.3517560276941692,0.4045217915164875
67,0628,EF,0,7,0.22238377593895273,0.1081629293118133,0.4632596955607989,0.3519606097576853,0.40466169093979826
68,0628,EF,0,8,0.21302798135703008,0.10239483484347249,0.45065920158314116,0.3521338189786942,0.4041171599405413
69,0628,EF,0,9,0.22031636245595623,0.10177431269527068,0.4455519935034676,0.3523021205498054,0.4046993238696646
70,0628,EN,0,1,0.04617041694174508,0.1730030191057249,0.6165322397519188,0.35404853039854983,0.4106194564251667
71,0628,EN,0,10,0.173980732884004,0.11169007457906438,0.5054080154342835,0.3469031308109787,0.40919333015490417
72,0628,EN,0,2,0.09459252808251448,0.170555163630838,0.642857228608644,0.3531292915256341,0.4073814058690693
73,0628,EN,0,3,0.12814878419556924,0.13181412919706154,0.5472156461367741,0.34924091302891147,0.40694510247373006
74,0628,EN,0,4,0.15378920387115075,0.12616694649824173,0.5310042688829599,0.3517136385231639,0.406849371087326
75,0628,EN,0,5,0.15124700118031045,0.1350774297990841,0.564664903279998,0.34489607225255314,0.4078467489630788
76,0628,EN,0,6,0.1361113994220207,0.1703081609331916,0.6685586867060298,0.34957810682366197,0.4101568604682106
77,0628,EN,0,7,0.04209880883705282,0.233125010609426,0.8132065275996848,0.3551564320067588,0.41030176583965555
78,0628,EN,0,8,0.011198629587627552,0.24753282763310291,0.8481729942851279,0.3568039611372342,0.406589068096804
79,0628,EN,0,9,0.05666434918719503,0.20159042711552944,0.694534178153261,0.3561403097387855,0.405178862668618
80,0628,WF,0,1,0.3086258075458635,0.17119456452063894,0.6243003250637453,0.35556464057329695,0.4041665898448591
81,0628,WF,0,10,0.3489608227112864,0.16237617337335275,0.6897653784847372,0.3489781945493067,0.40782324562132455
82,0628,WF,0,2,0.3153963832376315,0.1473683221707829,0.6167625302794533,0.3536605828199294,0.40368149973880235
83,0628,WF,0,3,0.3101125202456876,0.10526264758999387,0.508557279331727,0.3553398556802729,0.4108428517741968
84,0628,WF,0,4,0.3499267288997439,0.1438624629547464,0.6295110303836503,0.3524771892259441,0.40411936190507736
85,0628,WF,0,5,0.237407936587035,0.2329238776631444,0.8190955739980734,0.35496422474562,0.4070893003938095
86,0628,WF,0,6,0.1770554966215525,0.24396087592077506,0.7764060224479701,0.35680689191852577,0.4049958445865844
87,0628,WF,0,7,0.3041927169567472,0.2053095345870961,0.7761050806556314,0.3524385188922186,0.40675722957571087
88,0628,WF,0,8,0.32185082333029147,0.20794110273134672,0.7887289706116618,0.35206735107541454,0.4071667992687965
89,0628,WF,0,9,0.3605929008061636,0.15053894029296347,0.6581203768421832,0.34972298430151866,0.4063829926189649
90,0629,EF,1,1,0.10776515940562278,0.06948701298049494,0.31538189622941065,0.357900844566591,0.40228820810753785
91,0629,EF,1,10,0.10711745074480125,0.07225461321648699,0.307607525117997,0.3590468053756423,0.40306018041986075
92,0629,EF,1,2,0.11400776581846685,0.0739574335746953,0.3069077371521603,0.35775327054945893,0.40267303137668203
93,0629,EF,1,3,0.09879905954569208,0.057399789093503024,0.27563941719004714,0.3579995250934486,0.4030101066740081
94,0629,EF,1,4,0.09739044151977401,0.057443140501977324,0.28225687238995,0.3586301817854838,0.40312096236262657
95,0629,EF,1,5,0.09935899522512767,0.06313080662032264,0.2964996860827574,0.3587911992274078,0.40402163817332437
96,0629,EF,1,6,0.10382714540836774,0.06678659173822807,0.30073713363364396,0.3577080155689395,0.4039052517589502
97,0629,EF,1,7,0.10087988128672812,0.06486934001071358,0.2912276480903262,0.3586345792921135,0.40237168569812864
98,0629,EF,1,8,0.10214414069895465,0.06315938224274197,0.2978950347588438,0.3579235651664983,0.40208258379420825
99,0629,EF,1,9,0.09810737959996133,0.06152805587916828,0.2863137503356106,0.35766873868728916,0.40274195063704515
100,0629,EF,0,1,0.16945524353448058,0.10785943293476533,0.3964918494794035,0.3547420257443873,0.40159270369718375
101,0629,EF,0,10,0.1647497942241538,0.10484512376276722,0.4253404836059086,0.3569995683531081,0.4016801045707413
102,0629,EF,0,11,0.0991580032255545,0.06582993207118712,0.27450090154534484,0.35861708959977373,0.40195796559703667
103,0629,EF,0,12,0.09515665868535891,0.06530041389564918,0.2885493123757241,0.35875031077578184,0.4028986477004408
104,0629,EF,0,13,0.0979710469738081,0.06227682373680233,0.264715469225617,0.3584052515865989,0.40432591908327137
105,0629,EF,0,14,0.09606122654406195,0.05600305606907362,0.25917324512963646,0.35764818192609693,0.4054126482064404
106,0629,EF,0,15,0.09903139776444554,0.05517558144077537,0.25480528351963233,0.35670920677070106,0.4036173877115342
107,0629,EF,0,16,0.09074244082028758,0.05514598603390801,0.24122643104736188,0.3574570308496734,0.4052653798825525
108,0629,EF,0,17,0.09060730132056728,0.05966686188402305,0.25866147690210906,0.3560873882966494,0.40446661173198717
109,0629,EF,0,18,0.0913613200810384,0.05522479659140744,0.25111034076842753,0.3560529079399068,0.40416428764391243
110,0629,EF,0,19,0.09722676925680773,0.06260243512557742,0.26727515541995833,0.35853864793105966,0.403510423476133
111,0629,EF,0,2,0.17848568213605973,0.10835626062595968,0.44403098325015566,0.35607668774438245,0.40101750026908983
112,0629,EF,0,20,0.08815508864030266,0.0552936426677741,0.24179973306739955,0.35813775181525553,0.40437896290825964
113,0629,EF,0,21,0.27665039162425364,0.06740905065541201,0.42500365460369816,0.35631031368261645,0.40279796726763223
114,0629,EF,0,22,0.26574597760546004,0.05803950541375962,0.4272120871096844,0.35524997493581423,0.40296847038089234
115,0629,EF,0,23,0.25904865549493916,0.04473902706332556,0.3997040809777708,0.35474510700856005,0.40374251325114
116,0629,EF,0,24,0.26503802898895407,0.04725227317158526,0.3984619816603151,0.35419381908791686,0.4042046063409641
117,0629,EF,0,25,0.2732063185710527,0.0663169970167723,0.42761313787506866,0.35531680545453403,0.4029199370825999
118,0629,EF,0,26,0.25751524430913225,0.0693348557536418,0.4716351029439504,0.3549473289435596,0.4031411888139988
119,0629,EF,0,27,0.24213280517330457,0.044894156964234155,0.3931948155188565,0.35589853667359805,0.4031117584905071
120,0629,EF,0,28,0.23375288552006454,0.03518797902628776,0.3632503542197231,0.3547784904238222,0.4032764120803372
121,0629,EF,0,29,0.27044201153908193,0.06312354294106301,0.39640975424037106,0.3563685878771828,0.40293150574612985
122,0629,EF,0,3,0.16008625569945387,0.12572648329747516,0.5636879392417831,0.35349323252596393,0.4022972324093674
123,0629,EF,0,30,0.2586672810523802,0.05503294749499875,0.40742762109194447,0.3557879278274525,0.40317767760316264
124,0629,EF,0,31,0.3090220316522625,0.04468914186630655,0.40634552206953567,0.35389050719370485,0.4037854036867503
125,0629,EF,0,32,0.30928277862028475,0.07322769737714871,0.4680759097551456,0.3551999796105646,0.40378245956851133
126,0629,EF,0,33,0.31926674001390726,0.057685137548038376,0.40506277080264996,0.353292810977335,0.403273036678534
127,0629,EF,0,34,0.28853320663260446,0.045877902495521386,0.41166640320829373,0.35381476417414154,0.40305880700003843
128,0629,EF,0,35,0.2826692684779656,0.04552442189124123,0.4025776682814431,0.3565043878698368,0.4033361329961768
129,0629,EF,0,36,0.2827406611198371,0.051774496879082296,0.43275995197893896,0.35481053694591613,0.40314262570919757
130,0629,EF,0,37,0.30384268643876994,0.06108504684337611,0.461742311544495,0.3549643748435068,0.4040771633368118
131,0629,EF,0,38,0.11220126335739425,0.1174940818006135,0.6556186056016929,0.3552201029056976,0.40728458574612386
132,0629,EF,0,39,0.25468900752153273,0.08766417298501766,0.5543758863181405,0.3546669373574017,0.40433575376520864
133,0629,EF,0,4,0.08345276004331119,0.2020591745914424,0.7258879105535424,0.3536876422388082,0.41015709632619446
134,0629,EF,0,40,0.27679737050900466,0.05142033323025453,0.4124819124660995,0.3544841362379146,0.4032234785446625
135,0629,EF,0,5,0.08917891195537696,0.18658949287957408,0.6387959656515109,0.3567752852067672,0.4051712177992781
136,0629,EF,0,6,0.16977094803415455,0.09736082910825485,0.3817383258723708,0.3570488506493498,0.40094416534745864
137,0629,EF,0,7,0.17446178241491772,0.10897690113553551,0.4257443411040091,0.35707984289994615,0.40108337199172295
138,0629,EF,0,8,0.16507213013422417,0.11020908530075352,0.4568257643054871,0.3561790900881552,0.40428897110612205
139,0629,EF,0,9,0.17092393295119243,0.11155468846936854,0.4699870991285981,0.35503714889495697,0.4019382596276009
140,0704,EF,1,1,0.6529245189414696,0.8513524342527284,0.8859587374636693,0.3575522808714883,0.4034583423017026
141,0704,EF,1,10,0.6209278068987125,0.8481811145280005,0.8652664268610518,0.3574069681395898,0.40358847242897
142,0704,EF,1,2,0.5930612004648682,0.7943746128069796,0.8577745145990765,0.35740121642098666,0.4034958226479564
143,0704,EF,1,3,0.5776972409323022,0.7393602298624572,0.8439093781638205,0.35734946050291133,0.40341440111368826
144,0704,EF,1,4,0.5231986083766583,0.7537934194729147,0.8420317595909003,0.35732307686960524,0.4033527810701877
145,0704,EF,1,5,0.6169324868649767,0.7893467265516978,0.859108565687541,0.35728686319495145,0.40344705860358887
146,0704,EF,1,6,0.6664850134005021,0.8657868437234618,0.8596591538108903,0.35723646899714023,0.40354904483462806
147,0704,EF,1,7,0.5920185236405721,0.807449242532633,0.8438078274876915,0.35749619150455514,0.40354619404257375
148,0704,EF,1,8,0.6721766099598362,0.9388313892428511,0.8932475006929839,0.35734923148945374,0.4035626799624501
149,0704,EF,1,9,0.7197397739850487,1.0,0.9232527748709944,0.3572417487558977,0.40360538331907186
150,0704,EF,0,1,0.9310661896236664,0.7786786892016043,0.9287555709800597,0.3546954161051807,0.4041221511395168
151,0704,EF,0,10,0.9425062784163855,0.76344859471252,0.8941479750754321,0.3536972622225282,0.40423491032205583
152,0704,EF,0,11,0.7680349831843072,0.6500529451968334,0.7726026915136106,0.3543561862184601,0.4036930512731715
153,0704,EF,0,12,0.7437823273613504,0.612640620464455,0.7576689013044785,0.3555697889826826,0.403879012669347
154,0704,EF,0,13,0.7337087037614427,0.5828816826130213,0.7244977839263659,0.3562243866163029,0.40337618142591597
155,0704,EF,0,14,0.6973190435022745,0.578978835869185,0.7162010512187904,0.35591372848449415,0.4041784476248862
156,0704,EF,0,15,0.6797512272059621,0.5513738428874392,0.7013201689784182,0.35700032214739846,0.40333326787440116
157,0704,EF,0,16,0.7276727112729031,0.600742400403239,0.7444774223834292,0.355456175352063,0.4034790125193283
158,0704,EF,0,17,0.6875261082976727,0.5698783082715464,0.7078838916963591,0.3556328005962278,0.4033856559771382
159,0704,EF,0,18,0.7952382506017497,0.6264303810995344,0.7875440449880159,0.3541403845241958,0.4043781657240199
160,0704,EF,0,19,0.8375917028774682,0.6264450770999614,0.79155445544902,0.3555742080908497,0.404180093098681
161,0704,EF,0,2,0.9184725850550548,0.8110011481713543,0.95443359954372,0.35412842093999086,0.40474692820754826
162,0704,EF,0,20,0.9328967435227157,0.7426658906515041,0.8424060898127024,0.35508941816652884,0.40409198395589574
163,0704,EF,0,21,0.5498744144293474,0.36462413303582597,0.5818171949687796,0.3563995368965622,0.40299786014505573
164,0704,EF,0,22,0.589024352925498,0.3909090108495438,0.5901935956768122,0.3555804314402488,0.4041082712523928
165,0704,EF,0,23,0.6060013167493964,0.41296381247796804,0.5815838839142735,0.35345825732335306,0.403495867510647
166,0704,EF,0,24,0.6181061180458406,0.44969545703237596,0.6101679430338899,0.35579749316466336,0.40329083099772295
167,0704,EF,0,25,0.6369311407162123,0.4410953414984684,0.6020221981129463,0.3554536531636358,0.4031623638172209
168,0704,EF,0,26,0.6727069432222131,0.45218816780767096,0.6207821527646832,0.3550097054795809,0.40273842729769704
169,0704,EF,0,27,0.6910824422962455,0.45774046858173306,0.5967253599281105,0.3560517390232738,0.40285752450071366
170,0704,EF,0,28,0.6926839363717765,0.45543186533209473,0.5937995848453559,0.3560369532448753,0.4028241884182757
171,0704,EF,0,29,0.7117254242501952,0.4764983533728955,0.6211600559020767,0.3546852652897306,0.40268886005525645
172,0704,EF,0,3,0.9348556828913989,0.8253585305717444,0.9506362577645253,0.3545964789557242,0.40454675774417814
173,0704,EF,0,30,0.6908794777992068,0.4616338082902449,0.625125185671036,0.35762325434106507,0.40276643887494945
174,0704,EF,0,4,0.9715319458542626,0.882246241266874,1.0,0.3552817976598475,0.40400117106573474
175,0704,EF,0,5,0.9467399234006434,0.8175815863745045,0.9481935726533793,0.3549751353944671,0.4040572536224434
176,0704,EF,0,6,0.867455998502487,0.7235946756016611,0.8580865519079676,0.3548406148101582,0.4035538780880386
177,0704,EF,0,7,0.8447185389481903,0.6953081934577778,0.8299349091217548,0.3540930621031987,0.4039812475237251
178,0704,EF,0,8,0.8518472427535522,0.7178803113833964,0.8436934753992201,0.3530260927088708,0.40375635332686155
179,0704,EF,0,9,1.0,0.9001936559648301,0.9855797483181361,0.35411905710022096,0.4046087391901538
180,0707,EC,0,1,0.20410335316506945,0.04336316599994916,0.35197858590508907,0.3566134074498623,0.4018227524557608
181,0707,EC,0,10,0.2127532045521429,0.04693656222779652,0.3839935871525626,0.3556530197061869,0.4021464456529092
182,0707,EC,0,2,0.20693200376871043,0.04114739788641465,0.3590903888177634,0.3576430839921333,0.401120664228158
183,0707,EC,0,3,0.19065806101371624,0.03598871763658133,0.33875087082140276,0.3437673033783123,0.40223006013917584
184,0707,EC,0,4,0.17440000649359838,0.028091682223196215,0.3192582490093479,0.35416253427594446,0.4018834709903645
185,0707,EC,0,5,0.18497451307726195,0.034387387987442605,0.33502063645975144,0.3481984593619632,0.4013772456833217
186,0707,EC,0,6,0.16680563273607385,0.027923489235860965,0.30740778595254264,0.35886054170298337,0.4021355492013355
187,0707,EC,0,7,0.17561244795041472,0.032046127631292956,0.3198785362250333,0.3546107130278727,0.4021931261578487
188,0707,EC,0,8,0.20058092447702083,0.04323711887855503,0.36625546679045917,0.3581680739243658,0.40168850250367133
189,0707,EC,0,9,0.17408457424233323,0.033014367307565816,0.32446232905773675,0.3580977268159901,0.4018459651363802
190,0707,EF,0,1,0.1134562588310105,0.009478563324448389,0.250202204046708,0.3578590797964212,0.4010567093895235
191,0707,EF,0,10,0.13927813127328698,0.016762414893491177,0.27275669383975937,0.35643134612759736,0.4015038100524967
192,0707,EF,0,2,0.12150728827961231,0.00824524323352163,0.2563382862940065,0.35983494186826104,0.40197244302632973
193,0707,EF,0,3,0.13470455078775112,0.015582534113277485,0.2736680167501061,0.35461800996262244,0.4013314933545813
194,0707,EF,0,4,0.15915726485899778,0.02061962918853997,0.2900257783942116,0.35743344117852627,0.40131562362300616
195,0707,EF,0,5,0.14326333048452103,0.0171521387466742,0.2732170088654022,0.3531021919957603,0.40160403535475137
196,0707,EF,0,6,0.14100819544145057,0.018480944781789004,0.2714160139497868,0.3569097813093809,0.4010920248600217
197,0707,EF,0,7,0.15475045960803244,0.022389482721487993,0.2918322203365248,0.34913256889371164,0.4020454520844686
198,0707,EF,0,8,0.14872613591653927,0.02129041088524996,0.2859162243096722,0.3504711004868422,0.40125758854767263
199,0707,EF,0,9,0.14351588851699673,0.019215097623251933,0.2760976243535194,0.3552496516056668,0.4010524967385871
200,0708,EF,1,1,0.3259163254075572,0.601046964667654,0.7585889716537719,0.3578539213793798,0.4029434528737557
201,0708,EF,1,10,0.33037321071123105,0.5273625827805998,0.7426154241575327,0.3578397053378358,0.4036945753192614
202,0708,EF,1,2,0.29857812902660663,0.49822812107896863,0.7223582429691564,0.3579697915120982,0.4032261641826754
203,0708,EF,1,3,0.3416089354618303,0.686676820649236,0.8286142294466782,0.35776006599692506,0.40269626149995674
204,0708,EF,1,4,0.315099990962995,0.5439926467270594,0.7564346544572031,0.3578399248380069,0.4028810146444892
205,0708,EF,1,5,0.29921360426832466,0.5053279790797293,0.7449278027975713,0.3579536915948873,0.40301501375168475
206,0708,EF,1,6,0.34140101338925466,0.5891079752581561,0.7576113771911605,0.35782823075432285,0.4027251014751119
207,0708,EF,1,7,0.3511046368017752,0.5958379108683582,0.7738202158686511,0.357842433166654,0.4030344753381538
208,0708,EF,1,8,0.3574642550750368,0.5905334393409729,0.77702914741298,0.35777734876066347,0.4033469166362575
209,0708,EF,1,9,0.3115001571134919,0.47690871536651824,0.7316160669278189,0.35778026997326196,0.40350370852105144
210,0708,EF,0,1,0.0833293116751943,0.029374853318632595,0.1996907741101095,0.35744563215317565,0.40084277066565616
211,0708,EF,0,10,0.09738593733248364,0.04623158394651363,0.22782989231939738,0.3585179756416962,0.4008637450027086
212,0708,EF,0,2,0.08418828662185555,0.030180827141715806,0.20161408539964423,0.35786215246669245,0.40089918740169567
213,0708,EF,0,3,0.08861004705638806,0.038916771641095006,0.20870934500115945,0.3580321029598354,0.4012275327856293
214,0708,EF,0,4,0.09821856157997978,0.036679492828702705,0.27680709937836667,0.35729446388421426,0.3996159964358461
215,0708,EF,0,5,0.09773307745534622,0.035262935393241664,0.25199875251491965,0.3582795211947044,0.4006123647830802
216,0708,EF,0,6,0.0943333358509772,0.03695769948413999,0.2716919099768527,0.35814742417424134,0.4002822874671056
217,0708,EF,0,7,0.08918678662365061,0.03864667402896823,0.28773534572150555,0.35806812252160874,0.39982415020473666
218,0708,EF,0,8,0.0990367831246615,0.07531219110447965,0.3897079724309185,0.3580249694744838,0.3980146532299628
219,0708,EF,0,9,0.10747266694420982,0.05117790975887113,0.3178824639790887,0.358002216283542,0.3996899678721842
220,0711,EF,1,1,0.304584744623769,0.19428777107361167,0.7903383701106385,0.35398602757159353,0.4049573420099591
221,0711,EF,1,10,0.26023888540179774,0.16544449199765085,0.665999521739303,0.35643350663120416,0.39930875737102345
222,0711,EF,1,11,0.2392120936984321,0.19143429203211285,0.7898310194162204,0.3567589920335699,0.403741865967284
223,0711,EF,1,12,0.2440765370776174,0.18913998455669895,0.7486353345047605,0.35721388580630425,0.4026274992484422
224,0711,EF,1,13,0.24117153330109786,0.18821591249359815,0.7363621700127572,0.35740017227834114,0.40148407022882876
225,0711,EF,1,14,0.2348802219130449,0.1967126829359563,0.7992429759794465,0.35674007842771716,0.40380716567071734
226,0711,EF,1,15,0.22503820918249798,0.19920398559467345,0.850966352575035,0.3567301144310629,0.4050315795796089
227,0711,EF,1,16,0.23054014249815435,0.20363021708417633,0.8639676753018836,0.35695823491193907,0.40445694535991134
228,0711,EF,1,17,0.23824607557828212,0.20387218672980317,0.8446809890812952,0.3565791635279704,0.4046589323554574
229,0711,EF,1,18,0.23142400365606275,0.20248991566816502,0.8515682879836151,0.35680064370013037,0.4043592118085991
230,0711,EF,1,19,0.25231177426868884,0.21580534986958855,0.9190552311498419,0.35659039476682963,0.40489343582984616
231,0711,EF,1,2,0.3008018374097979,0.18942192157942148,0.7584235359934705,0.35639340306678585,0.40157118103006395
232,0711,EF,1,20,0.24744422656526296,0.20975044135516485,0.8492490134394234,0.3568274834727319,0.4042213462009134
233,0711,EF,1,21,0.20009981439286587,0.156472952275798,0.7098863698862724,0.35737505386846014,0.4033021595075659
234,0711,EF,1,22,0.19865083746945839,0.16461729023940658,0.7294127139125266,0.35736886699488285,0.40355598695743344
235,0711,EF,1,23,0.2138098974920436,0.15306207733060534,0.6522629669272271,0.35743803230118326,0.4028436932783701
236,0711,EF,1,24,0.21191760827554404,0.1687780100623765,0.6750812651223104,0.35769361483561984,0.402911726835543
237,0711,EF,1,25,0.20735135135986482,0.15830807172284805,0.6587056740611739,0.3575744042918185,0.40299421977704464
238,0711,EF,1,26,0.22613498688397057,0.17296493334762048,0.6579220172514063,0.35772610388600523,0.4045236294529844
239,0711,EF,1,27,0.23933701038307534,0.17823820280407326,0.7438155734539295,0.3568386596547404,0.40296660717796823
240,0711,EF,1,28,0.2489571621799589,0.16487646498306446,0.7106982740698317,0.3567850929690955,0.4033257391336497
241,0711,EF,1,29,0.23759358039932027,0.1794317621840881,0.7808475266627737,0.3568314993392893,0.40357138317602564
242,0711,EF,1,3,0.2894956064894635,0.16182677816875662,0.6985705006083077,0.35477697940741076,0.40404504843208533
243,0711,EF,1,30,0.24698347184649097,0.17472612744245547,0.7635513268320324,0.35681289193405974,0.4040547083623013
244,0711,EF,1,4,0.3079640217164986,0.15920622911884286,0.6272170515487697,0.3577957431445248,0.3992600791442671
245,0711,EF,1,5,0.2934082699984921,0.161186262685496,0.6491687894078759,0.3574711730243974,0.4017273676430279
246,0711,EF,1,6,0.28884455579701873,0.15638498661331537,0.6506040576378694,0.3572077882419193,0.40819060147444025
247,0711,EF,1,7,0.29726181752304315,0.1663663919513928,0.7167437937337455,0.3520767732854973,0.4036346598899348
248,0711,EF,1,8,0.26229266828275555,0.15387781967267294,0.6824422087617961,0.3533801619724682,0.4020933489859427
249,0711,EF,1,9,0.2813551671055768,0.14499385932052564,0.6589684265817917,0.3555617253636,0.40171698417579765
250,0711,EF,0,1,0.17998054003774813,0.1218547387501559,0.5517899935994884,0.3586270881720866,0.40554312449763685
251,0711,EF,0,10,0.170465883567547,0.075943509658697,0.322189115153171,0.3576882623305651,0.40142956102341626
252,0711,EF,0,2,0.1705710520565315,0.12834214551762727,0.5706342864868555,0.3586501871466324,0.40256484358478534
253,0711,EF,0,3,0.22581162465761345,0.12544529631871826,0.49275795363767627,0.358826807562255,0.4032567002271818
254,0711,EF,0,4,0.19118321571692426,0.10489068996103955,0.4491018748192672,0.3588024385261059,0.40585807320501405
255,0711,EF,0,5,0.1825776711329007,0.09481166881646853,0.4274037280300473,0.3587179885464627,0.4058075099507124
256,0711,EF,0,6,0.18971127933495294,0.08608645457657238,0.4038927562783897,0.35779366472375856,0.3990792382309315
257,0711,EF,0,7,0.1690594069666131,0.07542135193604517,0.3406499838931271,0.357447951462493,0.40094149900378645
258,0711,EF,0,8,0.1681150739344382,0.07244099608764817,0.33329177562773216,0.3579939825269113,0.4012337136960259
259,0711,EF,0,9,0.16163963695256553,0.06819629578997063,0.3108340665947316,0.3578620726763151,0.4007309609930254
260,0712,EC,0,1,0.179500983820293,0.12399600420509715,0.3098485969703789,0.35763236274886046,0.4023761351371839
261,0712,EC,0,10,0.21674410633133268,0.12544014580925222,0.3210214238756084,0.3583665538470405,0.402034445478039
262,0712,EC,0,11,0.247831381204567,0.13407340513321025,0.36978916016347857,0.3577954695428144,0.4020125472120368
263,0712,EC,0,12,0.2556209127836921,0.13331993850368676,0.3638670699391287,0.3586872393155011,0.40160704682169346
264,0712,EC,0,13,0.2659635671599636,0.13597161829125007,0.38207890969695096,0.35758585326150066,0.4025963220995501
265,0712,EC,0,14,0.26552331526921774,0.13399038775771735,0.3898973740544075,0.35769441825362075,0.40190659953926416
266,0712,EC,0,15,0.25579191942477714,0.13042342283704536,0.368458409749636,0.3587458324224406,0.401800778621284
267,0712,EC,0,16,0.2741162312462244,0.1390466789634086,0.39303126154700846,0.3568856020229455,0.4015831483864326
268,0712,EC,0,17,0.25948461675674805,0.13856142462452423,0.37488521318459467,0.3576378118672181,0.4042483070545744
269,0712,EC,0,18,0.26198210836907915,0.13845786909481947,0.37044956949062186,0.359638914818158,0.40191431212165596
270,0712,EC,0,19,0.2565693095460323,0.1352789785873983,0.37861175250457363,0.3599340597457512,0.4026201327095057
271,0712,EC,0,2,0.19026678539923553,0.13033092207743993,0.33070986472588104,0.3563507352437167,0.4014509981998733
272,0712,EC,0,20,0.25030765492870977,0.1335274832927036,0.3555376760861216,0.35984039981827803,0.40259730178845365
273,0712,EC,0,3,0.197237856017986,0.13254659124252047,0.35132660967795104,0.35721708381860634,0.4023632577980212
274,0712,EC,0,4,0.20364046215422973,0.1299911343374521,0.348541782405865,0.3561291264438807,0.40275343097229643
275,0712,EC,0,5,0.19779453913007608,0.12559072917075786,0.3259005443349218,0.35713931917418434,0.4020706546454551
276,0712,EC,0,6,0.20763126597479262,0.1272031391487172,0.3314736396574584,0.3593884567299962,0.4021686341729323
277,0712,EC,0,7,0.1921899141831734,0.12283096377267302,0.31305895040869053,0.3590815873043391,0.40205077117466875
278,0712,EC,0,8,0.20587629238859026,0.12698472974262695,0.32359872093121983,0.3590023159340863,0.40186415056379265
279,0712,EC,0,9,0.20566128255353136,0.12597531135889406,0.3127729443014806,0.359070613162042,0.4029650775154713
280,0712,EF,0,1,0.08217897144008739,0.10942754760120875,0.2040638533678821,0.3575886359287858,0.4026006101236035
281,0712,EF,0,10,0.07657568501453475,0.1066759666497072,0.18806010573743617,0.35525254572278575,0.4030056190291371
282,0712,EF,0,11,0.06021006956634181,0.10516724664695717,0.2181700397765707,0.35665907356392335,0.40291063337910615
283,0712,EF,0,12,0.05943860506400104,0.1111461805554432,0.24098574442743298,0.3577421176912448,0.4026843522844533
284,0712,EF,0,13,0.059814175021960334,0.10891474816734936,0.2501485369595994,0.35661161440907707,0.402861815402432
285,0712,EF,0,14,0.06690169844280046,0.11354652520556806,0.22383275839766803,0.356319487379431,0.4025458245033858
286,0712,EF,0,15,0.06597117610797901,0.09931765420262123,0.19297522419212879,0.3548678876722076,0.40330620016291246
287,0712,EF,0,16,0.0707157082387045,0.09836156254215349,0.19019243262230195,0.35915151915811255,0.4022980655944235
288,0712,EF,0,17,0.07017635234251032,0.09726645307042622,0.18510805118343837,0.35605773774821603,0.40242600822353247
289,0712,EF,0,18,0.07347237332602957,0.101128401147519,0.20455035839795377,0.3599512264502511,0.40174481977142923
290,0712,EF,0,19,0.07056534166164957,0.09947285337745725,0.19513843674978762,0.3565575064311092,0.4021834472021186
291,0712,EF,0,2,0.08463230732891341,0.11000918412685594,0.2048787228132025,0.35830039493067856,0.4024187435676218
292,0712,EF,0,20,0.06644732122443031,0.09739106660561118,0.19766271561312004,0.35592343807107674,0.4033283492157362
293,0712,EF,0,3,0.0880223698839628,0.10758987957248255,0.20134400238002215,0.351691839147919,0.40199463163363486
294,0712,EF,0,4,0.08009298844088185,0.1052129530824226,0.19572678089515702,0.3551267172618974,0.4031337906775611
295,0712,EF,0,5,0.0756628629627009,0.10947012294605724,0.20042129767962413,0.35813452533054646,0.402137242498148
296,0712,EF,0,6,0.07579827066695857,0.10524175628363444,0.19711872305779427,0.35895601356252416,0.40212700868256807
297,0712,EF,0,7,0.07591436373530391,0.10465046978567619,0.19571159329000595,0.3578143500128069,0.4019369162057254
298,0712,EF,0,8,0.08132787455333869,0.10731222955750806,0.19170745646324522,0.35903815650697274,0.4021510688640642
299,0712,EF,0,9,0.07976481325126768,0.10325157112555156,0.19535016353050003,0.3586258848188243,0.4032823621899118
300,0712,WC,0,1,0.2072879527604268,0.06516401644834025,0.41108019790498224,0.3598426709508071,0.40181115591393474
301,0712,WC,0,10,0.20795172680889132,0.06330168142496122,0.4216878180162949,0.34997814919953785,0.4021168935140551
302,0712,WC,0,11,0.21091838538917151,0.07297246232754563,0.4453245625353184,0.3552525928102755,0.401874330950525
303,0712,WC,0,12,0.20952519865651625,0.07530406255697021,0.4484408192933702,0.35730345714695444,0.40322815827993147
304,0712,WC,0,13,0.21219078924134027,0.07645652472889083,0.4472938394287324,0.3578750263979819,0.40131027686527115
305,0712,WC,0,14,0.20919835237536838,0.07608823083237698,0.45520339419778727,0.35251391209375027,0.40126689524986386
306,0712,WC,0,15,0.20425919401068143,0.06586605153331104,0.4243379374835365,0.3582565083062264,0.4016325515553144
307,0712,WC,0,16,0.21352996686345607,0.0810783007975156,0.465177976599074,0.3602047656326565,0.40093669271429155
308,0712,WC,0,17,0.2036837467872632,0.07039178327616875,0.43575856594756524,0.36003303661487207,0.40262599383423764
309,0712,WC,0,18,0.21265460685658247,0.08607441435583876,0.4786852063737607,0.357050112781567,0.4035253417151501
310,0712,WC,0,19,0.2105632507754134,0.07971905067850787,0.4623353640510121,0.3558146829628586,0.40141745803604956
311,0712,WC,0,2,0.20958466840669018,0.06544823601119583,0.4206575421437973,0.3596956744380627,0.40063444418797145
312,0712,WC,0,20,0.21505485642650476,0.08202084154041504,0.46886629305207556,0.32582588875066504,0.4019269882427932
313,0712,WC,0,3,0.2112674447131793,0.06713396479186248,0.4293180676184722,0.3504895025205153,0.4028728543968091
314,0712,WC,0,4,0.2060506076012309,0.061100417186070635,0.4159962033806201,0.35925332081274175,0.4016365323891739
315,0712,WC,0,5,0.21513267021478105,0.06911862028497508,0.4391469912253864,0.3610466697598895,0.40199665784811583
316,0712,WC,0,6,0.230722733044297,0.08665658386259306,0.46372209629265115,0.357932300242008,0.40141494606007205
317,0712,WC,0,7,0.21719478749352736,0.07544004054359739,0.46135447834766286,0.35709871136718296,0.40211807808880756
318,0712,WC,0,8,0.21193014201015736,0.06518947661410193,0.42531214474436413,0.3589303801830264,0.4002924257853242
319,0712,WC,0,9,0.21514006251212,0.07813156568923939,0.4625122981252019,0.3576201193676307,0.4016695287801358
320,0712,WF,0,1,0.17028032579650076,0.0320132146281658,0.28842833807698326,0.35849379756532784,0.40161809295572015
321,0712,WF,0,10,0.15726828274108232,0.033541369633943524,0.30100412450891234,0.3582163204896222,0.40325159695823415
322,0712,WF,0,11,0.20752460230485006,0.07850083744621102,0.3339760566442111,0.361057421826933,0.4030670962625821
323,0712,WF,0,12,0.14362957815293428,0.03225436949102109,0.3052637759156298,0.29483069487226443,0.402932140930835
324,0712,WF,0,13,0.1565537506430189,0.04327421047604184,0.3083581755276809,0.3441493530262667,0.4020233588143027
325,0712,WF,0,14,0.1432897697662779,0.03808991289333247,0.3014562349632481,0.35746714577338334,0.40483676577393235
326,0712,WF,0,15,0.1494491167375083,0.035969080635753145,0.3181877684579158,0.36006166395478895,0.40193557497933946
327,0712,WF,0,16,0.13258278711946261,0.024749199305726048,0.29068301794939033,0.35458543776302787,0.4039518429015599
328,0712,WF,0,17,0.13537370032650903,0.02847388076996652,0.30611911410126974,0.3574757718473239,0.4030449650250737
329,0712,WF,0,18,0.1541066144052348,0.043903195977558734,0.30901238747866916,0.3587891064654783,0.40167822157200495
330,0712,WF,0,19,0.14379091260177496,0.03778037943714753,0.3014334472922486,0.35264278764274676,0.4038772792596797
331,0712,WF,0,2,0.1803006140922771,0.03785091563319654,0.30022945504085147,0.3577377571836234,0.4015175827848031
332,0712,WF,0,20,0.11524885724018938,0.017862791920959648,0.28584339581952456,0.3542479694124484,0.40293989499393845
333,0712,WF,0,3,0.1775959757341626,0.03704397965897008,0.3027991144845046,0.3569012021947066,0.40182570979971366
334,0712,WF,0,4,0.1784114654104771,0.03539363983946332,0.30449163549549585,0.3596742559847769,0.40326185972272244
335,0712,WF,0,5,0.17251283847770651,0.033071421756487585,0.3075998142742441,0.35920423088460945,0.40196460359589703
336,0712,WF,0,6,0.16956813918581357,0.03595191631960704,0.309580040596088,0.36026539238509614,0.4022267439378429
337,0712,WF,0,7,0.1596471572784744,0.03287244188136001,0.2963610108049655,0.35445017133804674,0.4031805927017667
338,0712,WF,0,8,0.16417547990704318,0.03596673807480564,0.3044456796452297,0.3551212704635293,0.4032594609917368
339,0712,WF,0,9,0.1565855225666603,0.03252876139107182,0.29733775057493855,0.35842574433710944,0.40180578487079843
340,0713,EC,0,1,0.16918338612964004,0.11156469805573375,0.48976993018923015,0.35536214145274997,0.40320045472739013
341,0713,EC,0,10,0.18351548642042012,0.12483408720216727,0.5140536136098922,0.3557136303837509,0.4029984427296547
342,0713,EC,0,11,0.17333138311094365,0.11610892893359995,0.49491760722690276,0.35575947109859424,0.4020200538286795
343,0713,EC,0,12,0.17356902699684293,0.11710216239954627,0.49746566951555515,0.35505296870701936,0.40162762390775547
344,0713,EC,0,13,0.17100028727754937,0.12020234189174385,0.4983999337089118,0.35420868260633015,0.4021609551034869
345,0713,EC,0,14,0.15989776638387485,0.10580615629769201,0.4740932451807948,0.3560627295786622,0.40196995299461485
346,0713,EC,0,15,0.17138859592198807,0.12516616253819002,0.5019695431514156,0.35525277140942274,0.40222494897529126
347,0713,EC,0,16,0.17797232167101149,0.12409331637056939,0.49809028285979134,0.3569635967996862,0.40202703355141217
348,0713,EC,0,17,0.16729299159981148,0.11189975145766891,0.478999823835487,0.35543080115595166,0.4020086792425872
349,0713,EC,0,18,0.16491957519451297,0.11693946579453667,0.488057131553433,0.3557270642040557,0.40224167112030496
350,0713,EC,0,19,0.16893635035714497,0.12840812020300654,0.5023337778226634,0.35559792071147484,0.4023439634563713
351,0713,EC,0,2,0.18066814599499073,0.12452740917143532,0.5091304161490553,0.3561724207003289,0.40252335259177957
352,0713,EC,0,20,0.1651959180994269,0.11983998212109855,0.49360605121945417,0.35608316903254345,0.4021383984273616
353,0713,EC,0,3,0.19166871682893552,0.16387094834761495,0.5614504135271008,0.3560838615443846,0.4028852723524553
354,0713,EC,0,4,0.1832705387800512,0.13691546720879294,0.5243587031761621,0.35595876691105105,0.40324614843108764
355,0713,EC,0,5,0.1736044509175021,0.12888898476309749,0.5120484058496636,0.3550698755802492,0.40279733869921924
356,0713,EC,0,6,0.17028269880832747,0.11973231601717367,0.5009951702634655,0.35586554822514177,0.402640320250744
357,0713,EC,0,7,0.18015715221078804,0.1244380743179229,0.5055027365785778,0.35589530187696367,0.4026829199635785
358,0713,EC,0,8,0.18270802417291057,0.12109418097330979,0.504387681463761,0.35421799536525267,0.4032368990908744
359,0713,EC,0,9,0.18380235827613353,0.1263021870613591,0.5109064457746951,0.35539409887087087,0.40300324075090804
360,0713,EF,0,1,0.19697062852725547,0.1199957746667613,0.494759365897413,0.35545013531621106,0.4028575044950053
361,0713,EF,0,10,0.1769995239766665,0.11559132994346491,0.4940412853907534,0.35536155614332154,0.40206321840497833
362,0713,EF,0,11,0.1543737985744545,0.09315921759184495,0.44985510259185996,0.35526429904726897,0.4021548465405127
363,0713,EF,0,12,0.15648848775747376,0.09230398409713741,0.4457675135224171,0.3563933886682025,0.40215360867615935
364,0713,EF,0,13,0.15269307094400714,0.0899593521241464,0.4426571151410197,0.35530948897501624,0.40205736628656885
365,0713,EF,0,14,0.16766243627491578,0.10696593897666982,0.4659395695568723,0.3555706452798036,0.40207543343335733
366,0713,EF,0,15,0.14827276883224474,0.08668517783143338,0.43931496042618345,0.35657242739801287,0.40219549941410376
367,0713,EF,0,16,0.15312164448031632,0.09208852082681128,0.448145131542782,0.35627948721718183,0.401944829686593
368,0713,EF,0,17,0.15727023212824787,0.10132381729484483,0.46553256621096417,0.3555709724252419,0.4020820146848608
369,0713,EF,0,18,0.1633309614494317,0.11679476228997156,0.4805321333217782,0.3556772961014656,0.4023933218593604
370,0713,EF,0,19,0.1495073023543741,0.1011783604346518,0.4657927523863787,0.354919509018977,0.40303546336292473
371,0713,EF,0,2,0.1895396435290231,0.11221036235505315,0.48168880252087887,0.3569497110833687,0.40258270202863006
372,0713,EF,0,20,0.13929157292109082,0.09734385166917908,0.46139972141460234,0.3552142072045988,0.4025435767511762
373,0713,EF,0,3,0.18269056388615806,0.10697236051383076,0.47494988018342504,0.35518643200982775,0.4023886739206216
374,0713,EF,0,4,0.18305403061578335,0.1124179661086339,0.48396504769604815,0.3560296442556567,0.4025754788974077
375,0713,EF,0,5,0.1770637897736553,0.10301951266216454,0.4722717177270918,0.35501264448026415,0.40250675192942764
376,0713,EF,0,6,0.17373326515924062,0.10319101777159394,0.470943835581439,0.3545529640916375,0.40199164422932615
377,0713,EF,0,7,0.1818407522624524,0.11227314656850332,0.48214026917700187,0.3552762148336056,0.40235254821398353
378,0713,EF,0,8,0.18385481471843051,0.12908539883851156,0.5126373299255441,0.3547886143663987,0.40267990035333046
379,0713,EF,0,9,0.18133382643009383,0.11918825377213599,0.4975751286510513,0.35629793898482087,0.40266464043133054
380,0713,WC,0,1,0.1746654834539885,0.08200839977465842,0.30717289797003,0.352478009134719,0.4027744887703803
381,0713,WC,0,10,0.15425829709458297,0.06623364966094321,0.30325682862542164,0.3561562194512792,0.40190542497389675
382,0713,WC,0,11,0.13928198646380344,0.05971580753868532,0.3038871995931738,0.3542968261592609,0.40187181600519567
383,0713,WC,0,12,0.12554082746896675,0.04526274934979961,0.2754344076268045,0.3553683702044822,0.4019591255600566
384,0713,WC,0,13,0.13788588248999475,0.05340420170851786,0.2937785804127268,0.3540114262133088,0.4023660077414768
385,0713,WC,0,14,0.15886495092035657,0.06702796178447948,0.3289485334479945,0.3536023450433567,0.40363877446994817
386,0713,WC,0,15,0.13853504987950377,0.06402765601977758,0.28506827727137063,0.35361602913298246,0.4020857951068109
387,0713,WC,0,16,0.15749226254956158,0.07046857507827788,0.3180034772077476,0.35316752399345525,0.4018144864875616
388,0713,WC,0,17,0.16756988299403508,0.07569055240733481,0.3437236786445803,0.3546127616575266,0.4025898991736786
389,0713,WC,0,18,0.14839798040887364,0.06326242809254742,0.299988276103041,0.35458159718758747,0.40182956117158597
390,0713,WC,0,19,0.11532727403306224,0.04402119045577664,0.245950132363654,0.3553630111477493,0.40211192778167293
391,0713,WC,0,2,0.16879477474019508,0.07672718872149817,0.30880555868933274,0.3548669847761117,0.4016992930353655
392,0713,WC,0,20,0.14190893814933725,0.05807665987181439,0.2978023618883031,0.3560174368369061,0.4017615743352843
393,0713,WC,0,3,0.17036747114323625,0.078868095396193,0.3438267648720563,0.3506340198052633,0.40146919343606763
394,0713,WC,0,4,0.17734708808674113,0.09002831627773822,0.36073081811891106,0.35578209586953485,0.40235755158425157
395,0713,WC,0,5,0.11438095952525444,0.04679301569772054,0.27661385798805627,0.3564829656237721,0.4023812547716533
396,0713,WC,0,6,0.13386781548330218,0.04362389019147962,0.2914646383608099,0.35505966834809877,0.40190636228394727
397,0713,WC,0,7,0.13110985804563763,0.04132220418292813,0.28722994920849737,0.3543753171263594,0.4021845574965112
398,0713,WC,0,8,0.1467914638658378,0.05562739362667459,0.3109600303646762,0.35599797712232667,0.40124532036267024
399,0713,WC,0,9,0.139486271625327,0.05748418845776236,0.30188552902942745,0.35506834075758276,0.4023766797238682
400,0713,WF,0,1,0.3218680428910767,0.191739507247479,0.4903470753779954,0.3565192546453779,0.40256271977448954
401,0713,WF,0,10,0.38192745540757456,0.22587445926756106,0.5100009387787915,0.35567976911759985,0.40218328472432635
402,0713,WF,0,11,0.2484125150054203,0.1185178543774624,0.3772707484899547,0.3569685318704406,0.4014460497639605
403,0713,WF,0,12,0.30220765176814834,0.15077241025041122,0.4481845175367927,0.3566216835945139,0.4020975545276355
404,0713,WF,0,13,0.23101713484812678,0.10936076189813763,0.3733794088371096,0.35691499285772227,0.4019975208875542
405,0713,WF,0,14,0.2818856744335314,0.15101036050824299,0.4176764375549895,0.3556882314172429,0.40160194026357765
406,0713,WF,0,15,0.34585058329919727,0.1921128630466536,0.45128701736344234,0.3562095555706372,0.40145818560299484
407,0713,WF,0,16,0.32348664897457374,0.1722587582870559,0.42867103429788095,0.3568124451351827,0.40145642772898826
408,0713,WF,0,17,0.3392941469799549,0.18201898463119107,0.44264670281251656,0.35769327428644876,0.4016732479794305
409,0713,WF,0,18,0.3522695532643146,0.19096396949041525,0.4494526626540571,0.3563762813903805,0.40184961292276444
410,0713,WF,0,19,0.3474758342609771,0.18112566839503375,0.4501753569403932,0.3567625559913503,0.40206135438677953
411,0713,WF,0,2,0.3205842060165604,0.18974568601798675,0.5074546299593046,0.35669216245281776,0.4019740610173619
412,0713,WF,0,20,0.29492942892987645,0.15252638127900664,0.4161867970916884,0.35606241286995904,0.40190300556187564
413,0713,WF,0,21,0.09737653406615705,0.030627326705418713,0.1976972897991528,0.35533176718416837,0.4016089269886099
414,0713,WF,0,22,0.10299868028078357,0.03325273117365414,0.21158658156085672,0.3555744905478077,0.4024766165286917
415,0713,WF,0,23,0.10661588698190635,0.03378314916803946,0.21673216151619576,0.3545116956472117,0.4018234836219868
416,0713,WF,0,24,0.07615655103691962,0.015577856083596743,0.1793464915100872,0.356082605723652,0.4023409685909983
417,0713,WF,0,25,0.08607418546705506,0.021273088820731922,0.1906950476945175,0.3562565006186412,0.402424942326615
418,0713,WF,0,26,0.10488965359504931,0.031907318192278426,0.2211694216808451,0.35556306502644947,0.4020451044195792
419,0713,WF,0,27,0.11390808751785103,0.039758241264012076,0.2306198187086189,0.35567921816375486,0.40209624800220495
420,0713,WF,0,28,0.08878870070348976,0.020268425175914068,0.20034649679059008,0.354823330121173,0.4025215662717098
421,0713,WF,0,29,0.11092465269524132,0.035538298306675535,0.22243739046526717,0.3550667845577113,0.4023415667178495
422,0713,WF,0,3,0.31488838746411596,0.190136905429018,0.47591427899524297,0.35686467967021035,0.40196197750254764
423,0713,WF,0,30,0.1041928198503167,0.029739824262251538,0.22019517434047509,0.35378330960140975,0.4023645139811093
424,0713,WF,0,31,0.09747114885922695,0.022437451725940062,0.22697303848043973,0.3558664523733487,0.4020141990147462
425,0713,WF,0,32,0.12324714606523993,0.041409710678553105,0.23862795949017723,0.3559980359576097,0.4018129206182924
426,0713,WF,0,33,0.07704638453027235,0.007489462604377338,0.2006521910301196,0.3557083414000745,0.4017094032619977
427,0713,WF,0,34,0.10330062017567336,0.02689023641812565,0.21571525262085936,0.35569465572698783,0.4021587771851012
428,0713,WF,0,35,0.08939497557265344,0.014137033795014594,0.21831298650346442,0.35585814543734096,0.40231733444456286
429,0713,WF,0,36,0.08416219007974866,0.010682219937362776,0.22611588372557834,0.3567626993250545,0.4019916367116453
430,0713,WF,0,37,0.06935211215674628,0.0,0.20190345591716802,0.3560304453687039,0.402273793109411
431,0713,WF,0,38,0.08389078469910125,0.010390412093467635,0.2216971339943268,0.355625908967932,0.4020401439509243
432,0713,WF,0,39,0.09900176756740307,0.019298333525604176,0.25163329612378427,0.35635106883753953,0.4019015909244053
433,0713,WF,0,4,0.3238195333379526,0.20640171105772243,0.489865160814934,0.35708069557415933,0.4024846752473858
434,0713,WF,0,40,0.1013587772222787,0.021675741197256918,0.24018801280368643,0.3559328217415958,0.4016483291189925
435,0713,WF,0,41,0.15122504390237804,0.05849261084939147,0.2806573349827154,0.3550358606105304,0.4017154751883436
436,0713,WF,0,42,0.13292383199808822,0.0581445363493952,0.27286437765047833,0.3554687400267296,0.40209232867905187
437,0713,WF,0,43,0.10306828858323938,0.049827338055602674,0.25577667118120867,0.35606383386436435,0.40285803896288636
438,0713,WF,0,44,0.09439132135065645,0.056721954393023535,0.2593394200072015,0.35491783720359676,0.4022522728596644
439,0713,WF,0,45,0.08744862579102795,0.04892731897370661,0.2570626598816664,0.356638627553565,0.4019647849976567
440,0713,WF,0,46,0.09237182190232535,0.04650464839619993,0.26369468743149155,0.3540685512445032,0.4029793059334049
441,0713,WF,0,47,0.08836500849273997,0.047835654458687246,0.25775484999415615,0.3549182789460386,0.4022187617453527
442,0713,WF,0,48,0.08597017275805587,0.040942190015323655,0.23792158100527513,0.3532133614334854,0.4036649571185869
443,0713,WF,0,49,0.12691854786491383,0.05763912691500308,0.2810429427471771,0.3550085705439555,0.40187872902952315
444,0713,WF,0,5,0.3607002832789586,0.24978748374237864,0.5284409452054866,0.3568722153671472,0.4017402961479032
445,0713,WF,0,50,0.12284410736202622,0.047827587650316764,0.2784763564314248,0.3554655398134047,0.4028371539394416
446,0713,WF,0,51,0.11676625372615627,0.03526137676061652,0.24109110414625676,0.35605862087960555,0.40226953180341424
447,0713,WF,0,52,0.15734717220434638,0.06495426935198093,0.2688271480645425,0.355483278904328,0.40300539685275777
448,0713,WF,0,53,0.12925517206695064,0.04294760069209263,0.2443340891577232,0.3556773641175356,0.402587340097439
449,0713,WF,0,54,0.1674245169709141,0.06578793558665758,0.29717624762661127,0.35498771899272774,0.4025446766954522
450,0713,WF,0,55,0.1518748616396605,0.056946623960920754,0.283949961179088,0.35593131154395374,0.4021474068377155
451,0713,WF,0,56,0.13091297831400525,0.04449229769817921,0.2459326926086769,0.3561928735404102,0.4027620599887254
452,0713,WF,0,57,0.14739819141509847,0.05542663222306753,0.27347569421698636,0.3567729224347837,0.4019219544816662
453,0713,WF,0,58,0.15558563813344353,0.06113022797487108,0.27559596222499694,0.35561701272367086,0.4027283938717512
454,0713,WF,0,59,0.16051403901531117,0.06521564520911832,0.2751156893799091,0.3565582232744086,0.40313090368504
455,0713,WF,0,6,0.3686305382800802,0.2697547207610763,0.4968354822933326,0.35701304435204695,0.4028684466523587
456,0713,WF,0,60,0.15301643607822138,0.06087131847504498,0.2599835946709179,0.35712421202746225,0.4018788438556384
457,0713,WF,0,61,0.11209708365622985,0.028907891640865376,0.2671482841720742,0.35470215275762595,0.4028932306280673
458,0713,WF,0,62,0.09216794996363797,0.02586310299150544,0.28506938829910733,0.3538638422779067,0.40271459037764756
459,0713,WF,0,63,0.02745968810093296,0.01326271645481285,0.2925820966131167,0.35367711947647795,0.4026071168822146
460,0713,WF,0,64,0.08956329063243974,0.029435326102154352,0.28047402684876965,0.3544492924326184,0.4026020068246418
461,0713,WF,0,65,0.09873944097095523,0.03131943746463863,0.2913939164614121,0.3537015269040225,0.4027049224274517
462,0713,WF,0,66,0.11193574394754166,0.04289801860611068,0.2875984110346354,0.3542570291712663,0.40239271999133025
463,0713,WF,0,67,0.10991202261854519,0.04457299095151662,0.278084036222586,0.3541373976223955,0.40269870019651094
464,0713,WF,0,68,0.14029915861669687,0.05827688571218172,0.28322284608473886,0.3546309423836004,0.4026772389123965
465,0713,WF,0,69,0.11992285086908486,0.044095697808711865,0.2684955048925812,0.3556096964105938,0.40243735274842457
466,0713,WF,0,7,0.36914861684230765,0.28191492164510507,0.5032804176617747,0.35670193203695705,0.40301651415956236
467,0713,WF,0,70,0.10196210180060662,0.053359539877502256,0.2796038494587104,0.35510584879864526,0.4021859510828755
468,0713,WF,0,8,0.3723624969785392,0.2722458850230873,0.5143728256300032,0.3560897428455136,0.40324770938984117
469,0713,WF,0,9,0.38572821215757735,0.2912591707306648,0.49012066999703063,0.35688486006223347,0.4024481287793562
470,0714,EF,0,1,0.1942256918086761,0.10040705082635387,0.45632242095424747,0.35304456730656253,0.40476905470355135
471,0714,EF,0,10,0.2114366328758161,0.09787529939740862,0.4570811283890676,0.35126734749665517,0.4029053709612868
472,0714,EF,0,11,0.1693040373375629,0.1477046623760073,0.496815845568814,0.35815984312172816,0.40209179611235624
473,0714,EF,0,12,0.18374653634182203,0.17481476597914836,0.5253101605232496,0.35798098610479184,0.40208917166417774
474,0714,EF,0,13,0.1269108373798916,0.1262950430148794,0.49086119787664,0.3581073813769936,0.40194141532613265
475,0714,EF,0,14,0.11966779423925782,0.11811769123074653,0.4799913417187658,0.35824477823259687,0.4022044391924335
476,0714,EF,0,15,0.17468467698290638,0.16112387599575484,0.49762858145535904,0.358235714485261,0.40225277323827896
477,0714,EF,0,16,0.15271872775392628,0.13597703744111364,0.4842809284190932,0.358177786164175,0.4020695771626694
478,0714,EF,0,17,0.1448468490031512,0.1288230338314464,0.48531857362942976,0.35823866344723976,0.4022516319071646
479,0714,EF,0,18,0.16814706114700217,0.15880541088273561,0.5036036050562676,0.35804994083727965,0.4020620930432473
480,0714,EF,0,19,0.14906052289180272,0.12163565108730492,0.48133247004862295,0.35791675630291464,0.4021173795371804
481,0714,EF,0,2,0.20820927907252912,0.10828380132712609,0.4864951699754968,0.3542164615451199,0.40361858401843226
482,0714,EF,0,20,0.1279423025928672,0.1307193206249201,0.497981288792952,0.3582536627585112,0.40207282241283915
483,0714,EF,0,21,0.1517704495909142,0.16207649681878972,0.49676724114439225,0.3578823065346518,0.40263424427350064
484,0714,EF,0,22,0.15217870669663738,0.13287428899276735,0.4717291092687979,0.35722802439848317,0.40195102910645436
485,0714,EF,0,23,0.19673119668832534,0.1831482618006554,0.48797433607284724,0.35749310847388155,0.40280738583345926
486,0714,EF,0,24,0.1922646725318095,0.17957134322198276,0.4888288803765128,0.35785552777535073,0.40294761321625683
487,0714,EF,0,25,0.2012997130364986,0.16468886760849247,0.4556138676025783,0.357160064354036,0.40177679011612577
488,0714,EF,0,26,0.1923426673210156,0.131547160652942,0.43863447161117297,0.3570268105844237,0.40191684398036726
489,0714,EF,0,27,0.19566144124050916,0.13286113316357817,0.4475055590785383,0.3567503813379774,0.40185867083985083
490,0714,EF,0,28,0.18291392428089528,0.12753339728317764,0.43714018752820494,0.3573264221078995,0.40246247114612443
491,0714,EF,0,29,0.1493128307375564,0.10856442665015101,0.4196828612501393,0.3575990038310625,0.40192578083710423
492,0714,EF,0,3,0.20242895487747825,0.09893269084818423,0.46304458898692047,0.3532990331472464,0.4068945677513675
493,0714,EF,0,30,0.18592321169916518,0.12715537536002894,0.4406539213538259,0.35666770170495493,0.4019995478718287
494,0714,EF,0,31,0.14321868799746074,0.12002542821074019,0.504058215141107,0.358230798362436,0.4027651828893534
495,0714,EF,0,32,0.14847033612272323,0.11999739777108231,0.4964968210868313,0.35796967717361944,0.4019657099580593
496,0714,EF,0,33,0.15648279107963503,0.10696039150162802,0.4624137889324143,0.3576556415758904,0.4014626616869448
497,0714,EF,0,34,0.14688406696801204,0.1289583308217717,0.5186521821133911,0.3582036454263373,0.40241643753601203
498,0714,EF,0,35,0.15698129086701987,0.12233933153058357,0.49520305596789893,0.3582555397941786,0.40233287788189714
499,0714,EF,0,36,0.153657767305151,0.12574032980389163,0.49957234270000367,0.35823592594272924,0.40201761941873604
500,0714,EF,0,37,0.1672489086606077,0.11498489262697463,0.47302563743523496,0.3576882024200613,0.40175828379782624
501,0714,EF,0,38,0.16590750383815694,0.12623134577435843,0.4886846456058334,0.3582574944706312,0.4022856857030567
502,0714,EF,0,39,0.17013915234243193,0.11046643955316052,0.4598383922660342,0.35781591615381225,0.401536421112461
503,0714,EF,0,4,0.2090139743208141,0.10067489593232656,0.4702061281593323,0.35343935493053286,0.40285505337719324
504,0714,EF,0,40,0.18132713889282695,0.11340959574727802,0.44029659751192507,0.35805282947754835,0.4016944783914512
505,0714,EF,0,5,0.19687349454409017,0.09470251823399135,0.44342200130534504,0.3448102251334874,0.4060337947928754
506,0714,EF,0,6,0.2128730699903148,0.10526863499185388,0.4470203545780328,0.3554056616484465,0.4042735668609242
507,0714,EF,0,7,0.20285457772716228,0.0958401045121102,0.4468505073081217,0.353083328324403,0.4053738406820784
508,0714,EF,0,8,0.197751681298014,0.08899581931201518,0.4273482025937731,0.35114696957479424,0.4025364565866824
509,0714,EF,0,9,0.20335148548827342,0.09019689261328992,0.43589951528718396,0.3517159453561876,0.40248488217095757
510,0715,EC,0,1,0.15033965523655526,0.11056556215251737,0.5054824737571888,0.35432108389830264,0.39739160601965257
511,0715,EC,0,10,0.14720394747390494,0.09858823135962617,0.47046207293293935,0.3501979842960912,0.399085575345505
512,0715,EC,0,2,0.19030960977605596,0.16930165028622468,0.5180377667386888,0.35319695678035606,0.3975454132337079
513,0715,EC,0,3,0.15605924911542374,0.11602113121592442,0.5018697820224128,0.3558175599175738,0.39710383861169946
514,0715,EC,0,4,0.14699179912524105,0.10174070068892815,0.47472354436734404,0.348128247329767,0.39874580583830965
515,0715,EC,0,5,0.1543149736226585,0.11270999627866833,0.4738312246870768,0.3500441204890138,0.3983485472897125
516,0715,EC,0,6,0.1874611977196983,0.1612433941163602,0.5151632313738012,0.34980455403098953,0.39895038670701827
517,0715,EC,0,7,0.19356269697570766,0.17969049137936524,0.5300139923131268,0.3478069201342776,0.3981647366183187
518,0715,EC,0,8,0.1729637752787577,0.14806525097435277,0.5023503317034244,0.3535646965580015,0.3977562929586841
519,0715,EC,0,9,0.14793375523630609,0.1015180273481951,0.4978165078752219,0.34322530716406024,0.4003253710542188
520,0715,EF,0,1,0.10210195300631819,0.0790677528257136,0.26786982900630274,0.37774681666360066,0.3893790354003444
521,0715,EF,0,10,0.07353707584766436,0.0601400028361403,0.26869223190960834,0.3542988209585382,0.39954346220665854
522,0715,EF,0,2,0.1024593854431672,0.07748783307765406,0.2760476217928855,0.37118068683844774,0.3842529017795362
523,0715,EF,0,3,0.10105443583371558,0.07389914898648617,0.27631191892976054,0.3730595421167323,0.4280644705782462
524,0715,EF,0,4,0.10400916468528208,0.07531586196254542,0.27600269495528745,0.4367172272477417,0.41173783181547813
525,0715,EF,0,5,0.10371236902544904,0.0763757925638547,0.2728775458905335,0.3793123271721058,0.5917430075180243
526,0715,EF,0,6,0.10890775569091835,0.07781142445941956,0.29681082950716703,0.20184897960890122,0.5039111247304651
527,0715,EF,0,7,0.08530075722652646,0.07442489140938101,0.25965204595161706,0.29695096572001534,0.4166806787086195
528,0715,EF,0,8,0.07622838706157804,0.06606770362283725,0.2791075994633122,0.3421500117353091,0.4019411284173112
529,0715,EF,0,9,0.0789102356609648,0.0657190257364088,0.2840092774225607,0.11448885976712057,0.4022690571746206
530,0716,EC,0,1,0.1792287417860207,0.09382711739795904,0.3552631148233418,0.32132794799560993,0.40252806754990106
531,0716,EC,0,10,0.18967173758563685,0.09125772233411836,0.4285116175596928,0.3324357084732191,0.4075931661140547
532,0716,EC,0,2,0.17966053616579788,0.09103142867130194,0.38284530383273835,0.44097773120953665,0.4764603007952368
533,0716,EC,0,3,0.1767726754005424,0.08397298664316057,0.3881778277146469,0.385604450639077,0.4321868283374726
534,0716,EC,0,4,0.18735515248697687,0.09239581111614177,0.39267901839009045,0.33616106058291834,0.40804612794445017
535,0716,EC,0,5,0.19620864495030066,0.09588227647036461,0.4492152758716958,0.5293150866817602,0.4039377078136504
536,0716,EC,0,6,0.18490877965531857,0.08804209171957551,0.3965295890716157,0.3378327121076967,0.407628819296547
537,0716,EC,0,7,0.17585070010645484,0.08795834109805793,0.4066542348349468,0.3740867837768224,0.3860008467784345
538,0716,EC,0,8,0.17383797032489912,0.08528589990144045,0.4097812195178817,0.37964348704813494,0.36084119167126205
539,0716,EC,0,9,0.18867680613392954,0.08701448223034447,0.4113840555541715,0.430665976209928,0.4156374934949938
540,0716,EF,1,1,0.18110581762819575,0.2259568761795394,0.7169494527809077,0.3550088598363633,0.40537671808046843
541,0716,EF,1,10,0.14273491676073716,0.22705450737205118,0.6821335324196275,0.3565654454145888,0.4045763162956918
542,0716,EF,1,11,0.1501686066660073,0.20510182728517226,0.7157432454112996,0.35472885918596986,0.40444626560624675
543,0716,EF,1,12,0.1570542130474559,0.2225421702582454,0.789566139298599,0.3542375579181456,0.40767266239428934
544,0716,EF,1,13,0.20922719861097397,0.2620844279691644,0.7493987854038443,0.3532257941669087,0.40602766609172325
545,0716,EF,1,14,0.09432602187981295,0.1820540116182376,0.6610785619463673,0.3557329235225335,0.4037523123508959
546,0716,EF,1,15,0.12452229155587333,0.1910981704299239,0.694109750306692,0.35595384601279856,0.40282951861099375
547,0716,EF,1,16,0.18191778628052088,0.17451330902182396,0.6486712717743158,0.3555843363978616,0.40371878186142207
548,0716,EF,1,17,0.19975440692496507,0.18016781773938417,0.6494063823629916,0.3562335316817233,0.40332540190607175
549,0716,EF,1,18,0.1986419831418785,0.19604448691664206,0.6836486233769293,0.3559510115970261,0.4036266721714652
550,0716,EF,1,19,0.19586002374550474,0.18244547366716432,0.667576942798614,0.3562445408035807,0.403441757201782
551,0716,EF,1,2,0.1278732905239351,0.21837291931454023,0.7424505842622711,0.3548522419717757,0.40647368211868473
552,0716,EF,1,20,0.1995105361137225,0.19115952401590436,0.6692352202139789,0.3566650207318371,0.4033713093972315
553,0716,EF,1,3,0.10379993760916328,0.22073009760488763,0.755607201854759,0.3559668662399555,0.40652906524655363
554,0716,EF,1,4,0.12075047288346426,0.23672303495967087,0.766872458699568,0.3549399647338652,0.4076555050096951
555,0716,EF,1,5,0.07689735818813653,0.2279423756223662,0.7586689832840493,0.3567079506109726,0.4056664593609095
556,0716,EF,1,6,0.19457449876402214,0.23056180309359642,0.7167682726971727,0.354311853533243,0.4044061336913511
557,0716,EF,1,7,0.1402597613472479,0.27702618965424197,0.7630944878860937,0.35542001768707276,0.40696895137074496
558,0716,EF,1,8,0.06851163325784299,0.24738103597096456,0.8174840962457461,0.3566398773336019,0.40640855897882916
559,0716,EF,1,9,0.17954407153282906,0.24108017899067824,0.7131659962232646,0.354304683079014,0.40640985497856497
560,0718,EC,0,1,0.10028804346118535,0.0724863736071415,0.2750494785996915,0.3542833512212614,0.40191620762948177
561,0718,EC,0,10,0.09438789561534981,0.07564379351386571,0.2792676568868965,0.35202021493465463,0.4137073390797171
562,0718,EC,0,2,0.0874562621393628,0.07733374770250388,0.24917811855885516,0.3868056888445013,0.4022372373638077
563,0718,EC,0,3,0.09823876563481147,0.07259060912110048,0.2829662162043845,0.355624582329361,0.4007489333972943
564,0718,EC,0,4,0.0976137021251729,0.07369745209171896,0.2840862382622877,0.3529061480163487,0.4032524252482893
565,0718,EC,0,5,0.0886051948018759,0.07542814181849401,0.2597959493388843,0.34044922884834494,0.4092512562788161
566,0718,EC,0,6,0.0899983358680938,0.07494733736784313,0.27593600952456876,0.32797934076337437,0.403158640109562
567,0718,EC,0,7,0.09417716812508928,0.07350025024493942,0.2912470948103978,0.37926802934561066,0.4063061581180586
568,0718,EC,0,8,0.08695653821694091,0.07412872860707555,0.2662019962538309,0.3450652644484771,0.40155207783359803
569,0718,EC,0,9,0.08587951608636656,0.07546781400365286,0.26123758578733,0.37804188582658704,0.42057211677832557
570,0718,EF,0,1,0.02211695629522353,0.05466169442534696,0.0512757866104341,0.3566244016416556,0.40069418590965694
571,0718,EF,0,10,0.02397735377063918,0.03741297254425695,0.05856194868640585,0.35847736793822377,0.401351842796659
572,0718,EF,0,11,0.0,0.03863903006956569,0.001858407174882633,0.39569291339931695,0.4023361706098205
573,0718,EF,0,12,0.0020225554721778386,0.04808326202862292,0.005256919185890897,0.34937006181254326,0.402644274194546
574,0718,EF,0,13,0.0020667317531316057,0.04845550416958908,0.009048056786290629,0.3255408557038838,0.40517593947354125
575,0718,EF,0,14,0.002363106705479546,0.05094757587811723,0.005910115501930922,0.3804775601779012,0.40095730173653593
576,0718,EF,0,15,0.006181342953199639,0.056251789611446716,0.019391685300762473,0.359732326362911,0.40169215375089307
577,0718,EF,0,16,0.0020244113345124887,0.0616480916870938,0.0,0.34631919761403906,0.406299812391084
578,0718,EF,0,17,0.0034184498795950475,0.05564355481584796,0.009568183511268917,0.3578029177055572,0.40196462074781325
579,0718,EF,0,18,0.002939360057827176,0.059235995214036656,0.0035679115118307423,0.35032755134656485,0.4009632779432242
580,0718,EF,0,19,0.0011716992673103561,0.058607529122082974,0.0011669279072145686,0.48661684955942025,0.4038657855746686
581,0718,EF,0,2,0.015046606726906438,0.032773704817018065,0.044188551027540185,0.35641851792662244,0.4016177146997534
582,0718,EF,0,20,0.00192843480749679,0.05893659474159723,0.004644195611801328,0.26233249558837685,0.399650308052229
583,0718,EF,0,3,0.020778634911858593,0.03395367863197241,0.05604873163105754,0.3565329749591321,0.40085818180794314
584,0718,EF,0,4,0.019598020753828868,0.036256573465797234,0.05421967183348815,0.35817778854851656,0.40181371863878856
585,0718,EF,0,5,0.026115813142893924,0.026182866286941567,0.07358237774790972,0.3562668236802637,0.40154797666231923
586,0718,EF,0,6,0.020629197938709844,0.021569516012180618,0.0629747884455729,0.3578870885622514,0.40100807283427653
587,0718,EF,0,7,0.01790594647911267,0.027063225730971797,0.051737095414876935,0.35677025127548523,0.40116351074677437
588,0718,EF,0,8,0.018347954079065098,0.0036620309387115323,0.073467089984056,0.356413996369046,0.40032010222808273
589,0718,EF,0,9,0.024418769607748015,0.04160125967129093,0.06264077715761845,0.35531560816459323,0.4018203037707599
590,0718,WC,0,1,0.23165793283352965,0.09229822411991409,0.5130635322096917,0.3505859659622503,0.40091804796675123
591,0718,WC,0,10,0.22775493563533863,0.09271680174546969,0.5125275690387313,0.346920621279424,0.4005264670061424
592,0718,WC,0,2,0.22863821568330364,0.08968049274990388,0.4920520648937015,0.3333095507913834,0.4202647771672688
593,0718,WC,0,3,0.22728678284466672,0.08922509443364757,0.48805837443754235,0.3271584026146155,0.3988756440460789
594,0718,WC,0,4,0.23048678363201924,0.09099837678009239,0.4991867056389336,0.33488406626760936,0.39848450732849344
595,0718,WC,0,5,0.22731705139568636,0.08975683206663972,0.4865405072855703,0.3463553287107218,0.39969785157272497
596,0718,WC,0,6,0.22663156468789553,0.09004457390284716,0.49290953985227226,0.3494914730695876,0.4030206350924541
597,0718,WC,0,7,0.2298216743973655,0.0905196260975954,0.4830707767385392,0.32513163720167704,0.40601595927768
598,0718,WC,0,8,0.2300453608938916,0.08874390555093202,0.48195448767880095,0.340063581999074,0.40136975484461024
599,0718,WC,0,9,0.2269770514589375,0.09045238360380509,0.49187784300979054,0.3495102961817028,0.4103631051525425
600,0718,WF,1,1,0.12479526488536102,0.04584227369513731,0.3003920327857433,0.35779947134384904,0.4018080795286025
601,0718,WF,1,10,0.11872432225309784,0.036055153776881045,0.29687970708564965,0.358252344928895,0.40237743658063707
602,0718,WF,1,2,0.12497854979216463,0.04279289685763548,0.2984311457607417,0.3578433594903026,0.4027825075468018
603,0718,WF,1,3,0.11631049666235128,0.04255037219924351,0.2695120763694248,0.3579484812850833,0.4024654988390731
604,0718,WF,1,4,0.11007210434663049,0.035334584318310124,0.2772301181106419,0.3576988785871227,0.40309138140890055
605,0718,WF,1,5,0.11480144002681393,0.042380113597189226,0.2721300175457828,0.35794752999797225,0.40159850882371667
606,0718,WF,1,6,0.10820291270136186,0.029166499279237045,0.32369388121492093,0.3582148125152867,0.40301364242179555
607,0718,WF,1,7,0.12969360084924816,0.0535150527089567,0.2697813531946256,0.35725138180336796,0.4024957954297915
608,0718,WF,1,8,0.16095891517297192,0.0617429833658116,0.3028450617302934,0.3584720944465971,0.40260154122298575
609,0718,WF,1,9,0.15327806700267274,0.055726265645653576,0.31037023425213106,0.35786831381875595,0.4019839845475488
610,0718,WF,0,1,0.11178632019226266,0.08696774003928032,0.17911116131997326,0.36031564780302033,0.39920183130957465
611,0718,WF,0,10,0.11308596594006608,0.08152348539922269,0.1921630904246505,0.3584995219379063,0.4011537906864222
612,0718,WF,0,2,0.11920842191205744,0.08520433790597948,0.18979645352197033,0.3604969168569052,0.40399875745124836
613,0718,WF,0,3,0.12431967282394131,0.08125443816175126,0.2025804268630849,0.3557587253077115,0.401459775235945
614,0718,WF,0,4,0.11952480535125697,0.08520192663801242,0.19089400441305707,0.3564463459621346,0.4002412114913156
615,0718,WF,0,5,0.12176867107435561,0.08423805520315611,0.18730182265741627,0.35926936427116657,0.4023767438470506
616,0718,WF,0,6,0.11160089734172102,0.08504368898256033,0.17472356903563097,0.18079025999727416,0.4039659869877535
617,0718,WF,0,7,0.11335928316793646,0.0653505342676866,0.1924718509204357,0.3595834090691464,0.40514852313742994
618,0718,WF,0,8,0.10729512644671668,0.08143440617583374,0.17423019608818355,0.3607159614715786,0.40066193133359107
619,0718,WF,0,9,0.12031121861310984,0.08648516577142915,0.18447365968562893,0.35804412754336085,0.4010577773649111
620,0721,EC,1,1,0.3359825413780971,0.2644518974001835,0.5222932552573862,0.3553550299753008,0.40405854339632963
621,0721,EC,1,10,0.3933673382848788,0.3665417451825408,0.5266702397965259,0.3569284662419212,0.4023731946611585
622,0721,EC,1,2,0.36083241169533303,0.2950858880584028,0.5013261954011237,0.3559893426117468,0.4025532340897492
623,0721,EC,1,3,0.34210004965654917,0.3212399022997428,0.6168851815715468,0.3500071359630359,0.4029660449982084
624,0721,EC,1,4,0.3180181649779611,0.2694157476833237,0.5814840195713126,0.35249436378300125,0.4035444562824568
625,0721,EC,1,5,0.33838119363690905,0.2516536625945368,0.4918017782601027,0.35613282500586446,0.40241778231352815
626,0721,EC,1,6,0.3931779893928426,0.36087164554463036,0.5413190332839498,0.356654309375797,0.40113186027147546
627,0721,EC,1,7,0.40383084476600684,0.4009330005207823,0.5518264752275701,0.35528685633838486,0.4019342778239283
628,0721,EC,1,8,0.3741349710412306,0.3339257688241006,0.5593501632012795,0.35476955997626164,0.4018056620818417
629,0721,EC,1,9,0.3875535522030796,0.3521120533181142,0.555323255210959,0.35511306726103004,0.4030129658364439
630,0721,EF,1,1,0.3290871284900523,0.2830946130399602,0.5632127360969432,0.3557106054914714,0.40218685406231547
631,0721,EF,1,10,0.3414068928988165,0.28301906859849596,0.5459349443939,0.3555862364538154,0.40276018542904646
632,0721,EF,1,2,0.35691734008096876,0.30213448905982826,0.5557396664632808,0.35602517361870933,0.4026676029033081
633,0721,EF,1,3,0.3559908139515154,0.29282538525622215,0.5477628112844642,0.35685205333509273,0.4028440619692501
634,0721,EF,1,4,0.3533631878538284,0.30092422213620146,0.5697355283249583,0.3565681355292637,0.4026688681756436
635,0721,EF,1,5,0.3749274254349972,0.3551797631970193,0.5574669854624971,0.3566511562530765,0.4026671892555297
636,0721,EF,1,6,0.3170654962033192,0.24545650907894578,0.573274228717579,0.35429071793411065,0.4034221236562128
637,0721,EF,1,7,0.3448640809454501,0.32800132033537954,0.5906777061677986,0.35537871180802777,0.4027906458810092
638,0721,EF,1,8,0.4075311938439529,0.446487753042216,0.5867816649673964,0.3567332418125659,0.40270114844610405
639,0721,EF,1,9,0.3979247446746587,0.3921319139287786,0.5891250108432275,0.3563646592652329,0.4025263822290582
640,0721,EF,0,1,0.04799423551919431,0.04145581143002892,0.10535532127490738,0.35686219930930774,0.40342954892539606
641,0721,EF,0,10,0.06072913005362567,0.049937434388402535,0.12232118444491538,0.35860638188919897,0.404348900820696
642,0721,EF,0,2,0.06244122337787937,0.04846349698416326,0.1291278079843738,0.3579441515798276,0.4017756811415994
643,0721,EF,0,3,0.06516383902922783,0.05013705068247542,0.13301109327315044,0.35735153396095254,0.4010825253001339
644,0721,EF,0,4,0.060502532622238495,0.04836643475948509,0.11961461338782231,0.35582511194024075,0.40522875190656754
645,0721,EF,0,5,0.06166292212109865,0.05048959985520784,0.12076871802710862,0.35779561400849696,0.4016604243393935
646,0721,EF,0,6,0.07349835144539958,0.05183669405595093,0.14374697895889235,0.3580190387973377,0.40292030983342286
647,0721,EF,0,7,0.0792194172694087,0.055446828816649134,0.15263166733866543,0.3582972887973382,0.40345603410338104
648,0721,EF,0,8,0.06634450797436929,0.049277690433587644,0.1290540360963442,0.35864998116066,0.40186471303086757
649,0721,EF,0,9,0.06471437747121177,0.05032361855848294,0.13127230920810307,0.3598859617484665,0.4027649854125695
650,0722,EC,0,1,0.13070990040319774,0.07078488540847108,0.25984795098678987,0.3580250291115515,0.4026569561976251
651,0722,EC,0,10,0.14121939615134618,0.0752604511246764,0.2713028772407607,0.3587586548842255,0.4063840147550202
652,0722,EC,0,11,0.1442356650087713,0.06638507127531004,0.3005084637881111,0.35877178275421684,0.4012700839529685
653,0722,EC,0,12,0.1470438964534924,0.06472186926572093,0.30229765153302957,0.3237521324407491,0.4017961659268964
654,0722,EC,0,13,0.15413525741294448,0.06706938108775018,0.31576502445304594,0.358282792321203,0.4005504275556043
655,0722,EC,0,14,0.152315950281283,0.06885901820486041,0.3143834586793683,0.3568749447696147,0.4000935819174141
656,0722,EC,0,15,0.14646749897847997,0.06600050743620361,0.30185130928666687,0.3551671954522459,0.40185533465282813
657,0722,EC,0,16,0.1513976857485444,0.06658441629294672,0.3094516840489093,0.35674520289368367,0.40069723138217656
658,0722,EC,0,17,0.1551081618137278,0.06722798029597582,0.31837026696928833,0.35599565729141835,0.4013197184464487
659,0722,EC,0,18,0.14582430598044255,0.06465947329317853,0.30383706381473335,0.3187163522280473,0.40468756068217904
660,0722,EC,0,19,0.14860797586891963,0.06583330582655253,0.31129032488562247,0.35672700813854724,0.4016425267118024
661,0722,EC,0,2,0.1446754696795605,0.07305802385927854,0.27414918386387255,0.3531035690503193,0.40183696530752316
662,0722,EC,0,20,0.14688920139373088,0.0655084954922202,0.3068464059037253,0.35403815268549466,0.40319011999973664
663,0722,EC,0,3,0.1395356924773511,0.07055549565147944,0.26994587196988934,0.35152163530999386,0.40168032866379877
664,0722,EC,0,4,0.13314178476354158,0.07277267430577308,0.2589353688539152,0.35895563606573794,0.40521754038177077
665,0722,EC,0,5,0.13407559280500345,0.07323444947428225,0.258483177969101,0.35474058275097103,0.4030605148144406
666,0722,EC,0,6,0.13665515273592688,0.07376258298286807,0.2654748761923413,0.3346113817171215,0.40417690392738587
667,0722,EC,0,7,0.14054538104366063,0.07377996475890577,0.27197834427871426,0.33886177895521624,0.40537205783380553
668,0722,EC,0,8,0.13986220951306336,0.07444161691981398,0.2678149354114336,0.35055794235705473,0.40509357250858524
669,0722,EC,0,9,0.14023632610606931,0.07475610519824186,0.2696648477261714,0.35960091051028,0.40176069007170184
670,0722,EF,0,10,0.05765071730143,0.07644029856562888,0.12869585085306212,0.3425080333160073,0.4010605690887006
671,0722,EF,0,2,0.0606797750129007,0.07002668625982791,0.13244392815993095,0.35997666758734814,0.400574153475511
672,0722,EF,0,6,0.06901261608076675,0.07205759424865503,0.14950170098901666,0.39175952278294884,0.4002751300561915
673,0722,EF,0,7,0.06260108924531077,0.07279781088687397,0.13663365451382598,0.35695096504407453,0.40266076388491645
674,0722,EF,0,8,0.060439191987854066,0.07356708246707853,0.1322669906656603,0.3503736585809295,0.40105289759826895
675,0722,EF,0,9,0.06594246268086484,0.07439340447167316,0.1449018374814455,0.3542529612184118,0.40077356910153167
676,0722,EF,0,1,0.06339396599274605,0.07212149131517609,0.1259176822683041,0.35896843057505806,0.40315415331992205
677,0722,EF,0,3,0.05819316170269945,0.0743517359359328,0.12836558240349194,0.40375173949795196,0.40051852214081785
678,0722,EF,0,4,0.0589177675728309,0.07022480428979093,0.12582823326825326,0.0,0.40086993417265465
679,0722,EF,0,5,0.06305315792454134,0.07234741644290817,0.13388024444991706,0.34460650732343356,0.4101701473208417
680,0726,EC,1,1,0.15155175831957995,0.25355892501912713,0.6999809953427869,0.350386761739627,0.4085050343051635
681,0726,EC,1,10,0.12626964487675005,0.245181680290974,0.6616490377026247,0.3546228674017283,0.40571647211114537
682,0726,EC,1,11,0.24040495695210332,0.2633813262607424,0.7099264713361397,0.3540837658507269,0.4048661260503188
683,0726,EC,1,12,0.2006988104192782,0.2855458531532054,0.7378785671048507,0.35289396069601897,0.40958756695242327
684,0726,EC,1,13,0.2321300779940276,0.27078450517853353,0.7239889808342952,0.35272581157904215,0.40597181572611807
685,0726,EC,1,14,0.2397022212071057,0.28150818467337374,0.7223220423066327,0.35184214182708207,0.4071089036307795
686,0726,EC,1,15,0.18823233403142794,0.3107540692911005,0.7692036508345038,0.35318438008521824,0.41024315825656327
687,0726,EC,1,16,0.1915367633985513,0.28553840689671905,0.7487037431346947,0.3517974248774947,0.40953565530021663
688,0726,EC,1,17,0.13809576883335048,0.3261721504664252,0.8108502025371263,0.35518924039577365,0.41103754803293535
689,0726,EC,1,18,0.2232885420296258,0.26665119666368314,0.7095338731280756,0.35244349135044795,0.40500167711621576
690,0726,EC,1,19,0.1893972248689124,0.2757029504947444,0.7462542737268485,0.3528804526614184,0.4095274826373314
691,0726,EC,1,2,0.14606277647837743,0.26359338890534345,0.7109738749570919,0.3504739587179335,0.4102933260774702
692,0726,EC,1,20,0.2259731931418293,0.26579974046499555,0.711197866811206,0.351862537991228,0.4055900186350632
693,0726,EC,1,3,0.16066171309296998,0.26126249370439025,0.697040027634637,0.35167573125759666,0.4087421081466675
694,0726,EC,1,4,0.10486386068424904,0.2905768838197553,0.776242363648314,0.35288197246406905,0.41436547752112096
695,0726,EC,1,5,0.17282411113421675,0.240922552515423,0.6143463216530287,0.3545529148635417,0.40533707066978647
696,0726,EC,1,6,0.14880286407657697,0.22713220854950195,0.6466763400464853,0.3549120601738136,0.40378325957891653
697,0726,EC,1,7,0.10475816721865316,0.22952943124773323,0.6425262587178523,0.35481938974935207,0.40671570719702066
698,0726,EC,1,8,0.13288267670814438,0.23479474658627136,0.6395672403264828,0.35441715314779526,0.40572235378605853
699,0726,EC,1,9,0.11687868601015884,0.22802444393144516,0.616411690857352,0.3546336698669143,0.4044314619407476
700,0726,EF,1,1,0.3030231290704989,0.4432441524935691,0.7239912456369415,0.3532722489856405,0.40448336949346
701,0726,EF,1,10,0.2921158017839873,0.44351132033020013,0.6521187047603886,0.3560164751817944,0.4064805941381562
702,0726,EF,1,2,0.32884891571125785,0.4443777889224489,0.6868929426165655,0.3552677593530754,0.40309570693212277
703,0726,EF,1,3,0.33643904673748604,0.4468325918901692,0.6776883246559412,0.3552718160420443,0.4033602869531076
704,0726,EF,1,4,0.2824842197953783,0.6612821786581561,0.7276253569380938,0.35598798853687535,0.40491004389384117
705,0726,EF,1,5,0.2635459082415447,0.5079798170082569,0.7295128013467973,0.3547419458337532,0.40705344944524474
706,0726,EF,1,6,0.27177856869758044,0.4656495847995226,0.69798715109935,0.35468937182734267,0.40512405930770806
707,0726,EF,1,7,0.32558011117356767,0.5265003274638632,0.6898022259116061,0.354675408820084,0.4041798362426418
708,0726,EF,1,8,0.33036749692761996,0.43305581154109496,0.6292920248427807,0.3562782347657678,0.40226762687653855
709,0726,EF,1,9,0.2871044277755682,0.4682005886281692,0.6570386548141554,0.3560012414222193,0.40286863134268264
710,0726,EF,0,1,0.2598472624779156,0.21067214345610308,0.3996850267601314,0.35724193108966384,0.40182106674124407
711,0726,EF,0,10,0.2575956596102693,0.20607121132069722,0.40990609956881396,0.35649225469095014,0.40248250256603435
712,0726,EF,0,2,0.26963313261959715,0.21944883540266352,0.42892950617589437,0.3568476305354127,0.4025811058570042
713,0726,EF,0,3,0.25026852003519473,0.20796963488349696,0.398675072943201,0.3568817873421117,0.4023617914792438
714,0726,EF,0,4,0.27252618972219006,0.21962012236099462,0.41747360639235676,0.3564224586260349,0.40169367192076977
715,0726,EF,0,5,0.26735917647773544,0.21488415747875345,0.4090773961235044,0.35699023368904886,0.40229612494368644
716,0726,EF,0,6,0.26363303578131314,0.20728988303311113,0.39103521150099513,0.3582094356384714,0.4012594365806835
717,0726,EF,0,7,0.2544958062165994,0.20352818036701723,0.40707741292836536,0.35642150208450907,0.40137842771926435
718,0726,EF,0,8,0.25969313814465306,0.208700089108798,0.43395543649914453,0.3573021500710155,0.40265929683174545
719,0726,EF,0,9,0.26246845364995763,0.20192817450952844,0.410266645282517,0.3569373662367018,0.4031327603525118
720,0727,EC,0,1,0.36141404565386975,0.3895179497285137,0.6792586501734544,0.3531754024063622,0.4073809474299071
721,0727,EC,0,10,0.3828168226030675,0.3188359005529536,0.6459814993411656,0.35386797227535466,0.4045538438564125
722,0727,EC,0,2,0.37570030464133286,0.3340545492453819,0.6362858952044157,0.3549560493995369,0.4052523263557975
723,0727,EC,0,3,0.3368580813632715,0.3481074485633351,0.6476206840923185,0.34983030048062386,0.40656469250002164
724,0727,EC,0,4,0.38706049624396455,0.31610742935142494,0.6316738675984858,0.35678416469618635,0.4040701009475048
725,0727,EC,0,5,0.3378325758701453,0.3804045453795632,0.6797764555053032,0.3542208799303953,0.40782936512587964
726,0727,EC,0,6,0.3882684059105967,0.3022996124989877,0.5876530404341805,0.3485900247886694,0.40593059483997995
727,0727,EC,0,7,0.37609358892572303,0.30542183171923026,0.6095457914603042,0.35373638353625625,0.40418495553071987
728,0727,EC,0,8,0.43656424288210605,0.4160400901021066,0.6735912476432058,0.3494442429017959,0.4035013354648011
729,0727,EC,0,9,0.3617916252688357,0.32604326046053594,0.6405528967190984,0.3525434096426172,0.405714072965503
730,0727,EF,0,1,0.20784134158498702,0.08552979013382035,0.2280852639273152,0.3579953094721679,0.40199359979990973
731,0727,EF,0,10,0.25731691736718393,0.14004571204351607,0.3299883603677444,0.3579099778167981,0.4025933483806832
732,0727,EF,0,11,0.2417431312675227,0.13017317827104993,0.3078436433201081,0.3545509117473798,0.4028406234822726
733,0727,EF,0,12,0.2460762907971141,0.1346127370603601,0.31259079765596615,0.35836541939071054,0.4042677021616094
734,0727,EF,0,13,0.2733931760911451,0.1545193030371836,0.3353731626429517,0.3575064725225291,0.4033721239080761
735,0727,EF,0,14,0.2632901257252555,0.12892253366005094,0.30662789137826735,0.3589167396703617,0.4029206026357127
736,0727,EF,0,15,0.2066751628604311,0.0906438641604259,0.25519165404277616,0.3583090792583131,0.40272402594350126
737,0727,EF,0,16,0.24177741933230423,0.11218390607486996,0.2803078689794137,0.35682498118365646,0.40400204390411387
738,0727,EF,0,17,0.23192633855292402,0.10444266326760253,0.250285044105429,0.35899799994120757,0.4032925992650491
739,0727,EF,0,18,0.24233858505430345,0.10701146470554336,0.2574838856805783,0.35703958213539716,0.40234323985974013
740,0727,EF,0,19,0.22991192976165037,0.10665297850290038,0.24099765616905997,0.3595616987896052,0.40333954927230503
741,0727,EF,0,2,0.22279090424406264,0.08998003932563163,0.23369628999493638,0.3589479048644206,0.4030038464672757
742,0727,EF,0,3,0.23538899902668092,0.09721012927923725,0.2524459151636361,0.35621998283527256,0.4028036013481194
743,0727,EF,0,4,0.20060994272674454,0.07831930817093868,0.21307346108896033,0.3556947850868209,0.4026488337166366
744,0727,EF,0,5,0.2274620863047315,0.09346031258592473,0.23949354505956738,0.35851631469939227,0.4022745029866828
745,0727,EF,0,6,0.25042242518157626,0.10705043144699027,0.25285015772601593,0.3566685113504155,0.40272761768855986
746,0727,EF,0,7,0.2648389463900527,0.10996304919720686,0.26441339171883443,0.3585751157808999,0.4023594697221367
747,0727,EF,0,8,0.26181745132370154,0.11248527659224074,0.27193461308536054,0.3572323821874395,0.40256689567877324
748,0727,EF,0,9,0.27828635249961836,0.1267603115323271,0.27703473758712044,0.3587923646711895,0.4021364468505422
749,0728,EF,1,1,0.4773284070322608,0.457939366016185,0.704455977592085,0.3573308253327991,0.40321309382559534
750,0728,EF,1,10,0.2993458234662625,0.32394536661681717,0.6396858324125007,0.3577013002596202,0.4030523385678642
751,0728,EF,1,2,0.5144475310688745,0.46866663780455253,0.7073071576416984,0.35712136045244575,0.4020940020331198
752,0728,EF,1,3,0.4086285308508386,0.32239825903716396,0.6202953114686321,0.35738348026799815,0.40285959022031503
753,0728,EF,1,4,0.41055209512412966,0.38869770191199715,0.6767547656109831,0.35754267146428986,0.40362603004492414
754,0728,EF,1,5,0.334382276351011,0.2970855387205762,0.6307087440604002,0.3574619933967717,0.40278420793706443
755,0728,EF,1,6,0.34356926246278924,0.3349957595079233,0.6610902205616696,0.3569019574168613,0.4022835884637661
756,0728,EF,1,7,0.33139617345660255,0.33784702130771305,0.6550915086156671,0.35717579734053934,0.40281503670642516
757,0728,EF,1,8,0.30759029396865806,0.29133307656051965,0.6291360545827084,0.35776977149004197,0.4028138067410738
758,0728,EF,1,9,0.35453555469952935,0.33382603847494174,0.6378883332887757,0.3572522061171715,0.4026663848663399
759,0728,EF,0,1,0.3036349925760266,0.1322008445368506,0.44646779855953594,0.3587721154115262,0.40271466760083263
760,0728,EF,0,10,0.4630379767845026,0.3711136932932319,0.6526214220927348,0.35651601924214854,0.40266864087225945
761,0728,EF,0,2,0.4924011376905202,0.42307677848585273,0.6453469728163067,0.35576670000380484,0.40466222277270164
762,0728,EF,0,3,0.26479074253627444,0.09936177025362447,0.4123528986785399,0.35818181282715267,0.40247616997600827
763,0728,EF,0,4,0.30058651804811026,0.13949742070547697,0.44554477055369224,0.357496857429621,0.40276865451024146
764,0728,EF,0,5,0.24572186977721475,0.09904504891040408,0.4064787777711289,0.35790683080645835,0.4031100879357965
765,0728,EF,0,6,0.24833195161478652,0.10031546682178837,0.41239388117741343,0.3582188268493109,0.4027160591783492
766,0728,EF,0,7,0.2831135319332668,0.12289698445076036,0.4407243128365063,0.3575702327875537,0.4028316425496475
767,0728,EF,0,8,0.30528526165658887,0.15124132966768758,0.454689567382737,0.3578048946542895,0.4029765826707563
768,0728,EF,0,9,0.3938326039004448,0.2726799874724151,0.5901066477251593,0.35664955937469134,0.40276060280821757
769,0728,WF,0,1,0.254974162753981,0.0778429121998904,0.37738868658333824,0.35799979860902476,0.4020127237284935
770,0728,WF,0,10,0.2963625912455342,0.1020596046471247,0.39668116613298515,0.35725484017231385,0.40239686594581653
771,0728,WF,0,2,0.23678221806472072,0.06731907274061882,0.35643720536898466,0.35851909476967175,0.4021025345142911
772,0728,WF,0,3,0.2622801641634599,0.08695517745699928,0.39866986248769665,0.35856158444990466,0.4020201856680049
773,0728,WF,0,4,0.2804121536254788,0.09843825248564628,0.42123751274477866,0.35845178113237436,0.4021698674005211
774,0728,WF,0,5,0.2633739951864646,0.08452823259437675,0.38986799033823777,0.3582238008266427,0.4019329414816659
775,0728,WF,0,6,0.2548498814983953,0.07896394624714098,0.37506600087776265,0.35895850373487453,0.40224650724945155
776,0728,WF,0,7,0.27452484470558064,0.08851887558656142,0.3945287498393164,0.35814981036414595,0.40222853655109536
777,0728,WF,0,8,0.2842787212251154,0.0903219449590917,0.40079730482679654,0.3582889165722047,0.40280402701778917
778,0728,WF,0,9,0.27950344057466886,0.0753813261584069,0.37994811933007044,0.3579869047828836,0.40270686696369834
779,0801,EF,0,1,0.1996963187863153,0.10651218293798534,0.46471786069957727,0.3571950372595141,0.4019254977225915
780,0801,EF,0,10,0.39596373571434096,0.10407596081350409,0.4446596335255204,0.35799838856331806,0.40214750241981273
781,0801,EF,0,11,0.2778885382801633,0.13583488508240302,0.49423908850650317,0.35811168231254753,0.40176778072207453
782,0801,EF,0,12,0.2745766241383432,0.14422695776584749,0.5180291433147846,0.35799614620915304,0.4021254070487259
783,0801,EF,0,13,0.252689708133754,0.14267819082428193,0.5571218888472144,0.3576047936255156,0.40172581339662466
784,0801,EF,0,14,0.28161200112587376,0.1476096060076353,0.519828420007152,0.3536901707077317,0.40184138168870986
785,0801,EF,0,15,0.2722175284216671,0.12159629946137053,0.503544646666345,0.3576161547428366,0.40189474107305273
786,0801,EF,0,16,0.24914236308885326,0.13747474853987918,0.5536476983834411,0.35678880895762993,0.40187035414069383
787,0801,EF,0,17,0.2551069036540009,0.11816829514008509,0.46377645011845026,0.3559050043439317,0.40203944740187864
788,0801,EF,0,18,0.26741788485245893,0.11516975110431675,0.4259502219867632,0.3545232319700177,0.4027200307434132
789,0801,EF,0,19,0.27575432699285596,0.15147382785298014,0.5250178522269768,0.3557006195834888,0.4028852641211367
790,0801,EF,0,2,0.1912532409600032,0.12753814300682068,0.5275425228865932,0.35703916287438936,0.40310360928357686
791,0801,EF,0,20,0.23654791613817783,0.18230303324935426,0.5965723807996828,0.35308043224891617,0.40383866033625004
792,0801,EF,0,21,0.28126051267447105,0.1500774105236428,0.5154239212564498,0.3547362173709137,0.4019999427799365
793,0801,EF,0,22,0.2865836556348186,0.13187157619731976,0.5090314082713493,0.3556573938063571,0.40229262932554904
794,0801,EF,0,23,0.24143415028332146,0.17805975604739654,0.6180773405938187,0.35623813662803977,0.40371305456334844
795,0801,EF,0,24,0.2697600127798001,0.17911940565752843,0.5856338640500612,0.35437135614951654,0.4027996994641507
796,0801,EF,0,25,0.3752396481433416,0.3110965798973102,0.6465050143945138,0.3545554470522483,0.40283868807727385
797,0801,EF,0,26,0.23090186487644793,0.22839655935731856,0.6814949792266527,0.3548697721488259,0.405938461359354
798,0801,EF,0,27,0.2075698244066286,0.22238817339143935,0.6813686791837225,0.35232081965730594,0.406470002670351
799,0801,EF,0,28,0.2843361496064798,0.14903477272458085,0.5233222071423699,0.35600993137330206,0.40275727032369824
800,0801,EF,0,29,0.26937039657796763,0.15290115958906808,0.5770061621053137,0.356215797591103,0.4021428602292913
801,0801,EF,0,3,0.22753382504987402,0.08518032047915079,0.3886616430657631,0.3574937810419416,0.4033844674985141
802,0801,EF,0,30,0.23591528671835163,0.15014550447545003,0.5908846923838037,0.35577723714286047,0.4026537836841115
803,0801,EF,0,4,0.21306798128940793,0.10948282785522896,0.44363013424092523,0.3569142998833382,0.4015422348464138
804,0801,EF,0,5,0.17578916696977012,0.1361294972386059,0.5315420473878997,0.3562305024397108,0.40380200124099264
805,0801,EF,0,6,0.264987319887121,0.1180064293515096,0.46834314461935583,0.35573766027607434,0.4072998575280224
806,0801,EF,0,7,0.27545997007308765,0.10822987189033337,0.46552537835579816,0.35736017864837405,0.40185157881867334
807,0801,EF,0,8,0.28855156419202177,0.11304155970323931,0.48833521266751856,0.358819472013504,0.40214762358288847
808,0801,EF,0,9,0.40841059823005466,0.11641167282983164,0.4816389995845792,0.3571075786927903,0.40195734537654393
809,0802,EC,0,1,0.16988010069898107,0.07604773170416712,0.2648226715850647,0.3621718530811493,0.39003640793749916
810,0802,EC,0,10,0.17216044618145046,0.06971969737237022,0.2610706751075898,0.34971081253025876,0.4009600635839933
811,0802,EC,0,2,0.1649271021910435,0.07224351836762599,0.2657949884927687,0.6002618401002441,0.3983782067085413
812,0802,EC,0,3,0.1483007642013334,0.06665579854309685,0.2385791691690048,0.38060746296817943,0.4109224165753482
813,0802,EC,0,4,0.1670925763951509,0.060917827236982955,0.2761588084975814,0.3692661612479633,0.401918525704434
814,0802,EC,0,5,0.17501224452646075,0.07231114236387205,0.27523995165695825,0.3674515066585418,0.40092903192094925
815,0802,EC,0,6,0.16450270218392365,0.059567591753092675,0.2821682454696096,0.3614892874021763,0.4129828776458138
816,0802,EC,0,7,0.18128945930579696,0.06603382407105225,0.3072178651376733,1.0,0.4579966661400799
817,0802,EC,0,8,0.16958425846269665,0.06542287809858446,0.26431419725866584,0.35055240141444083,0.40386824532009274
818,0802,EC,0,9,0.15812118658224078,0.06624246463956134,0.2532886681089208,0.36293330800756884,0.3988623003826731
819,0802,EF,0,1,0.10649520274785944,0.055984572785462094,0.08740240775929137,0.36350264266080984,0.3998203641673218
820,0802,EF,0,10,0.10586394815791254,0.06641238437630502,0.10868402072288015,0.3546035451228986,0.3989674732911172
821,0802,EF,0,2,0.06335694966686238,0.040910142820694155,0.04770173380362061,0.36955189513015957,0.43396460043793117
822,0802,EF,0,3,0.10172409893154873,0.06046011159166804,0.09666027251093019,0.3652666856464785,0.39627607472203386
823,0802,EF,0,4,0.0688428197773181,0.05123969211220946,0.09086255983062459,0.3696983506867648,1.0
824,0802,EF,0,5,0.07592905845546957,0.05288627309382647,0.08712190143687254,0.3600923652635343,0.42642859536190625
825,0802,EF,0,6,0.0775512292993692,0.05593753249094443,0.07002553835861258,0.362677034658758,0.2204901970114111
826,0802,EF,0,7,0.08595584669101582,0.06746890513610349,0.06367393108006315,0.3653989534376469,0.0
827,0802,EF,0,8,0.08119436152957929,0.06870696554595355,0.06098005840145701,0.36384355086000664,0.39783480078645445
828,0802,EF,0,9,0.09939672918197287,0.06640260872859087,0.10568355174033388,0.365830202902516,0.39898722112442114
829,0805,EC,0,1,0.2660537216041927,0.1854173381561978,0.5881535981162678,0.3557222930932133,0.4028958364080876
830,0805,EC,0,10,0.21485796812548474,0.22538137111741738,0.6571595844459984,0.3544487107906334,0.4081285890711227
831,0805,EC,0,2,0.2522078606565533,0.21222331994039786,0.6198453259555321,0.354100527115242,0.4043721866828743
832,0805,EC,0,3,0.26033297866865573,0.21369808442474003,0.6157682689941948,0.3543412125841639,0.4040326253236637
833,0805,EC,0,4,0.29026388152441246,0.19979402632835944,0.5698014609145992,0.3562890177916351,0.4019178848746776
834,0805,EC,0,5,0.274051757448437,0.20183234869088645,0.5917801030071936,0.35549520178700367,0.4031653831551012
835,0805,EC,0,6,0.22573280807969925,0.22902640131019608,0.638032426940009,0.35367497104796064,0.40585415141825654
836,0805,EC,0,7,0.25124696256106793,0.21291708295850947,0.621075804670364,0.35475126204031404,0.4041343612743738
837,0805,EC,0,8,0.2837747170538905,0.18727342449834242,0.5596990984660618,0.35567114463201416,0.40219893629201964
838,0805,EC,0,9,0.2945216324569665,0.19939258145960037,0.5785549852894758,0.35513355014103254,0.40257970017749733
839,0805,EF,0,1,0.24984544503155354,0.11264797573861955,0.32985714022677926,0.3595765818239829,0.40245885740555165
840,0805,EF,0,10,0.24228774042477672,0.10737826453340471,0.3232507351845819,0.35858589219653025,0.40229236757930326
841,0805,EF,0,2,0.25899646380497976,0.11651774880509207,0.3420533157587075,0.3587882975453248,0.4020988771486734
842,0805,EF,0,3,0.2639088812360197,0.1212269780146256,0.36045705620053065,0.35917142577166283,0.4021462940905617
843,0805,EF,0,4,0.24048692484729992,0.11049187712765415,0.32023007382826363,0.35930008259125734,0.4020578943635651
844,0805,EF,0,5,0.2560773642748553,0.11487135061683343,0.3395538205456203,0.359244853809541,0.4020592124336918
845,0805,EF,0,6,0.24388272679222314,0.10847685719268109,0.32235742584721294,0.3579608363156602,0.4021343762854338
846,0805,EF,0,7,0.24799117948283322,0.11139415610601039,0.33002260490246715,0.358757458725382,0.4021789222275079
847,0805,EF,0,8,0.24730873256285218,0.10864189276636856,0.31479688841986153,0.35875771758279407,0.4021325453559759
848,0805,EF,0,9,0.25082851077938995,0.11075358846613712,0.3256018285822789,0.35882381842188144,0.401919990841412
